Date,Visibility
2021/07/16 0:00,47630.0,
2021/07/16 0:01,48580.0,
2021/07/16 0:02,49270.0,
2021/07/16 0:03,50000.0,
2021/07/16 0:04,50000.0,
2021/07/16 0:05,49730.0,
2021/07/16 0:06,48540.0,
2021/07/16 0:07,49800.0,
2021/07/16 0:08,48270.0,
2021/07/16 0:09,47770.0,
2021/07/16 0:10,47420.0,
2021/07/16 0:11,46840.0,
2021/07/16 0:12,46590.0,
2021/07/16 0:13,45940.0,
2021/07/16 0:14,46950.0,
2021/07/16 0:15,47660.0,
2021/07/16 0:16,47870.0,
2021/07/16 0:17,47550.0,
2021/07/16 0:18,49190.0,
2021/07/16 0:19,49410.0,
2021/07/16 0:20,48990.0,
2021/07/16 0:21,49790.0,
2021/07/16 0:22,47570.0,
2021/07/16 0:23,44910.0,
2021/07/16 0:24,43520.0,
2021/07/16 0:25,41300.0,
2021/07/16 0:26,39440.0,
2021/07/16 0:27,38610.0,
2021/07/16 0:28,37040.0,
2021/07/16 0:29,36720.0,
2021/07/16 0:30,35770.0,
2021/07/16 0:31,35730.0,
2021/07/16 0:32,36730.0,
2021/07/16 0:33,35350.0,
2021/07/16 0:34,34960.0,
2021/07/16 0:35,35150.0,
2021/07/16 0:36,35160.0,
2021/07/16 0:37,36070.0,
2021/07/16 0:38,37120.0,
2021/07/16 0:39,36780.0,
2021/07/16 0:40,37850.0,
2021/07/16 0:41,37300.0,
2021/07/16 0:42,36870.0,
2021/07/16 0:43,40430.0,
2021/07/16 0:44,41790.0,
2021/07/16 0:45,43250.0,
2021/07/16 0:46,46590.0,
2021/07/16 0:47,44930.0,
2021/07/16 0:48,45620.0,
2021/07/16 0:49,46750.0,
2021/07/16 0:50,47050.0,
2021/07/16 0:51,46830.0,
2021/07/16 0:52,48130.0,
2021/07/16 0:53,48030.0,
2021/07/16 0:54,47590.0,
2021/07/16 0:55,46030.0,
2021/07/16 0:56,43240.0,
2021/07/16 0:57,44300.0,
2021/07/16 0:58,44850.0,
2021/07/16 0:59,44190.0,
2021/07/16 1:00,43350.0,
2021/07/16 1:01,44390.0,
2021/07/16 1:02,44700.0,
2021/07/16 1:03,45340.0,
2021/07/16 1:04,45330.0,
2021/07/16 1:05,47820.0,
2021/07/16 1:06,50000.0,
2021/07/16 1:07,49830.0,
2021/07/16 1:08,48220.0,
2021/07/16 1:09,49130.0,
2021/07/16 1:10,47850.0,
2021/07/16 1:11,46140.0,
2021/07/16 1:12,46000.0,
2021/07/16 1:13,46040.0,
2021/07/16 1:14,45200.0,
2021/07/16 1:15,45700.0,
2021/07/16 1:16,46970.0,
2021/07/16 1:17,46590.0,
2021/07/16 1:18,48500.0,
2021/07/16 1:19,46690.0,
2021/07/16 1:20,48200.0,
2021/07/16 1:21,49720.0,
2021/07/16 1:22,49880.0,
2021/07/16 1:23,49660.0,
2021/07/16 1:24,50000.0,
2021/07/16 1:25,50000.0,
2021/07/16 1:26,49440.0,
2021/07/16 1:27,49390.0,
2021/07/16 1:28,47690.0,
2021/07/16 1:29,50000.0,
2021/07/16 1:30,50000.0,
2021/07/16 1:31,49140.0,
2021/07/16 1:32,48510.0,
2021/07/16 1:33,48650.0,
2021/07/16 1:34,48130.0,
2021/07/16 1:35,48000.0,
2021/07/16 1:36,47540.0,
2021/07/16 1:37,48740.0,
2021/07/16 1:38,47430.0,
2021/07/16 1:39,48470.0,
2021/07/16 1:40,45210.0,
2021/07/16 1:41,45100.0,
2021/07/16 1:42,44530.0,
2021/07/16 1:43,44990.0,
2021/07/16 1:44,44960.0,
2021/07/16 1:45,45910.0,
2021/07/16 1:46,45240.0,
2021/07/16 1:47,44750.0,
2021/07/16 1:48,47590.0,
2021/07/16 1:49,47250.0,
2021/07/16 1:50,50000.0,
2021/07/16 1:51,48160.0,
2021/07/16 1:52,,
2021/07/16 1:53,47720.0,
2021/07/16 1:54,47760.0,
2021/07/16 1:55,46660.0,
2021/07/16 1:56,47490.0,
2021/07/16 1:57,48870.0,
2021/07/16 1:58,48750.0,
2021/07/16 1:59,49480.0,
2021/07/16 2:00,,
2021/07/16 2:01,50000.0,
2021/07/16 2:02,50000.0,
2021/07/16 2:03,50000.0,
2021/07/16 2:04,50000.0,
2021/07/16 2:05,50000.0,
2021/07/16 2:06,50000.0,
2021/07/16 2:07,49730.0,
2021/07/16 2:08,48200.0,
2021/07/16 2:09,47990.0,
2021/07/16 2:10,47910.0,
2021/07/16 2:11,47230.0,
2021/07/16 2:12,48460.0,
2021/07/16 2:13,47870.0,
2021/07/16 2:14,47350.0,
2021/07/16 2:15,48600.0,
2021/07/16 2:16,46300.0,
2021/07/16 2:17,46200.0,
2021/07/16 2:18,47250.0,
2021/07/16 2:19,46680.0,
2021/07/16 2:20,46480.0,
2021/07/16 2:21,46910.0,
2021/07/16 2:22,46960.0,
2021/07/16 2:23,47560.0,
2021/07/16 2:24,48100.0,
2021/07/16 2:25,46490.0,
2021/07/16 2:26,49360.0,
2021/07/16 2:27,48880.0,
2021/07/16 2:28,47700.0,
2021/07/16 2:29,48250.0,
2021/07/16 2:30,46380.0,
2021/07/16 2:31,45910.0,
2021/07/16 2:32,44530.0,
2021/07/16 2:33,44790.0,
2021/07/16 2:34,43060.0,
2021/07/16 2:35,43270.0,
2021/07/16 2:36,43380.0,
2021/07/16 2:37,44270.0,
2021/07/16 2:38,44720.0,
2021/07/16 2:39,43810.0,
2021/07/16 2:40,45940.0,
2021/07/16 2:41,45610.0,
2021/07/16 2:42,47070.0,
2021/07/16 2:43,45940.0,
2021/07/16 2:44,47780.0,
2021/07/16 2:45,47780.0,
2021/07/16 2:46,47070.0,
2021/07/16 2:47,46720.0,
2021/07/16 2:48,47770.0,
2021/07/16 2:49,46520.0,
2021/07/16 2:50,44630.0,
2021/07/16 2:51,44720.0,
2021/07/16 2:52,45050.0,
2021/07/16 2:53,46230.0,
2021/07/16 2:54,44780.0,
2021/07/16 2:55,46290.0,
2021/07/16 2:56,44770.0,
2021/07/16 2:57,44950.0,
2021/07/16 2:58,43850.0,
2021/07/16 2:59,44920.0,
2021/07/16 3:00,45880.0,
2021/07/16 3:01,46670.0,
2021/07/16 3:02,46550.0,
2021/07/16 3:03,45740.0,
2021/07/16 3:04,46950.0,
2021/07/16 3:05,46590.0,
2021/07/16 3:06,48600.0,
2021/07/16 3:07,47880.0,
2021/07/16 3:08,46790.0,
2021/07/16 3:09,43520.0,
2021/07/16 3:10,38870.0,
2021/07/16 3:11,36900.0,
2021/07/16 3:12,35160.0,
2021/07/16 3:13,35200.0,
2021/07/16 3:14,35030.0,
2021/07/16 3:15,34540.0,
2021/07/16 3:16,34590.0,
2021/07/16 3:17,34740.0,
2021/07/16 3:18,35600.0,
2021/07/16 3:19,37690.0,
2021/07/16 3:20,42780.0,
2021/07/16 3:21,45360.0,
2021/07/16 3:22,47820.0,
2021/07/16 3:23,46730.0,
2021/07/16 3:24,47080.0,
2021/07/16 3:25,47090.0,
2021/07/16 3:26,45230.0,
2021/07/16 3:27,45650.0,
2021/07/16 3:28,45040.0,
2021/07/16 3:29,46080.0,
2021/07/16 3:30,44970.0,
2021/07/16 3:31,45030.0,
2021/07/16 3:32,45370.0,
2021/07/16 3:33,44930.0,
2021/07/16 3:34,45040.0,
2021/07/16 3:35,46260.0,
2021/07/16 3:36,48700.0,
2021/07/16 3:37,48630.0,
2021/07/16 3:38,48960.0,
2021/07/16 3:39,48500.0,
2021/07/16 3:40,49370.0,
2021/07/16 3:41,48060.0,
2021/07/16 3:42,44900.0,
2021/07/16 3:43,45750.0,
2021/07/16 3:44,46390.0,
2021/07/16 3:45,45260.0,
2021/07/16 3:46,43560.0,
2021/07/16 3:47,44150.0,
2021/07/16 3:48,43210.0,
2021/07/16 3:49,42500.0,
2021/07/16 3:50,41520.0,
2021/07/16 3:51,41310.0,
2021/07/16 3:52,42960.0,
2021/07/16 3:53,42350.0,
2021/07/16 3:54,41980.0,
2021/07/16 3:55,42490.0,
2021/07/16 3:56,42890.0,
2021/07/16 3:57,40990.0,
2021/07/16 3:58,41720.0,
2021/07/16 3:59,40010.0,
2021/07/16 4:00,39400.0,
2021/07/16 4:01,40350.0,
2021/07/16 4:02,39580.0,
2021/07/16 4:03,39060.0,
2021/07/16 4:04,38600.0,
2021/07/16 4:05,38870.0,
2021/07/16 4:06,38580.0,
2021/07/16 4:07,40160.0,
2021/07/16 4:08,40000.0,
2021/07/16 4:09,41170.0,
2021/07/16 4:10,40280.0,
2021/07/16 4:11,38160.0,
2021/07/16 4:12,37580.0,
2021/07/16 4:13,37880.0,
2021/07/16 4:14,36640.0,
2021/07/16 4:15,35410.0,
2021/07/16 4:16,34890.0,
2021/07/16 4:17,33340.0,
2021/07/16 4:18,33170.0,
2021/07/16 4:19,33290.0,
2021/07/16 4:20,34660.0,
2021/07/16 4:21,35820.0,
2021/07/16 4:22,36280.0,
2021/07/16 4:23,36280.0,
2021/07/16 4:24,37060.0,
2021/07/16 4:25,37880.0,
2021/07/16 4:26,37480.0,
2021/07/16 4:27,38680.0,
2021/07/16 4:28,38530.0,
2021/07/16 4:29,38080.0,
2021/07/16 4:30,38500.0,
2021/07/16 4:31,37740.0,
2021/07/16 4:32,39330.0,
2021/07/16 4:33,38740.0,
2021/07/16 4:34,38800.0,
2021/07/16 4:35,38400.0,
2021/07/16 4:36,39370.0,
2021/07/16 4:37,38830.0,
2021/07/16 4:38,39240.0,
2021/07/16 4:39,38940.0,
2021/07/16 4:40,,
2021/07/16 4:41,37920.0,
2021/07/16 4:42,37780.0,
2021/07/16 4:43,39280.0,
2021/07/16 4:44,40500.0,
2021/07/16 4:45,40620.0,
2021/07/16 4:46,40800.0,
2021/07/16 4:47,42670.0,
2021/07/16 4:48,40910.0,
2021/07/16 4:49,41630.0,
2021/07/16 4:50,44320.0,
2021/07/16 4:51,45090.0,
2021/07/16 4:52,44850.0,
2021/07/16 4:53,45780.0,
2021/07/16 4:54,43630.0,
2021/07/16 4:55,44730.0,
2021/07/16 4:56,44960.0,
2021/07/16 4:57,45780.0,
2021/07/16 4:58,47080.0,
2021/07/16 4:59,48080.0,
2021/07/16 5:00,46670.0,
2021/07/16 5:01,43180.0,
2021/07/16 5:02,41120.0,
2021/07/16 5:03,38890.0,
2021/07/16 5:04,38070.0,
2021/07/16 5:05,38030.0,
2021/07/16 5:06,36030.0,
2021/07/16 5:07,36140.0,
2021/07/16 5:08,35470.0,
2021/07/16 5:09,36010.0,
2021/07/16 5:10,,
2021/07/16 5:11,35770.0,
2021/07/16 5:12,36440.0,
2021/07/16 5:13,36370.0,
2021/07/16 5:14,37850.0,
2021/07/16 5:15,36250.0,
2021/07/16 5:16,36150.0,
2021/07/16 5:17,34170.0,
2021/07/16 5:18,34210.0,
2021/07/16 5:19,33670.0,
2021/07/16 5:20,32850.0,
2021/07/16 5:21,32390.0,
2021/07/16 5:22,32730.0,
2021/07/16 5:23,32660.0,
2021/07/16 5:24,32340.0,
2021/07/16 5:25,31400.0,
2021/07/16 5:26,32300.0,
2021/07/16 5:27,33670.0,
2021/07/16 5:28,33940.0,
2021/07/16 5:29,33700.0,
2021/07/16 5:30,34110.0,
2021/07/16 5:31,33470.0,
2021/07/16 5:32,32980.0,
2021/07/16 5:33,33930.0,
2021/07/16 5:34,33340.0,
2021/07/16 5:35,32250.0,
2021/07/16 5:36,29390.0,
2021/07/16 5:37,27390.0,
2021/07/16 5:38,26260.0,
2021/07/16 5:39,26140.0,
2021/07/16 5:40,25530.0,
2021/07/16 5:41,24810.0,
2021/07/16 5:42,24270.0,
2021/07/16 5:43,24110.0,
2021/07/16 5:44,24380.0,
2021/07/16 5:45,25070.0,
2021/07/16 5:46,26500.0,
2021/07/16 5:47,27340.0,
2021/07/16 5:48,27830.0,
2021/07/16 5:49,28760.0,
2021/07/16 5:50,28800.0,
2021/07/16 5:51,29400.0,
2021/07/16 5:52,28870.0,
2021/07/16 5:53,28760.0,
2021/07/16 5:54,28150.0,
2021/07/16 5:55,27700.0,
2021/07/16 5:56,27510.0,
2021/07/16 5:57,27550.0,
2021/07/16 5:58,27360.0,
2021/07/16 5:59,26090.0,
2021/07/16 6:00,26840.0,
2021/07/16 6:01,26960.0,
2021/07/16 6:02,27870.0,
2021/07/16 6:03,27610.0,
2021/07/16 6:04,28110.0,
2021/07/16 6:05,28980.0,
2021/07/16 6:06,29640.0,
2021/07/16 6:07,29830.0,
2021/07/16 6:08,30720.0,
2021/07/16 6:09,31230.0,
2021/07/16 6:10,30920.0,
2021/07/16 6:11,31540.0,
2021/07/16 6:12,31810.0,
2021/07/16 6:13,32680.0,
2021/07/16 6:14,33520.0,
2021/07/16 6:15,34540.0,
2021/07/16 6:16,35210.0,
2021/07/16 6:17,35590.0,
2021/07/16 6:18,36700.0,
2021/07/16 6:19,37010.0,
2021/07/16 6:20,38390.0,
2021/07/16 6:21,38960.0,
2021/07/16 6:22,39720.0,
2021/07/16 6:23,39460.0,
2021/07/16 6:24,39320.0,
2021/07/16 6:25,38090.0,
2021/07/16 6:26,36990.0,
2021/07/16 6:27,35370.0,
2021/07/16 6:28,33040.0,
2021/07/16 6:29,32690.0,
2021/07/16 6:30,31800.0,
2021/07/16 6:31,29630.0,
2021/07/16 6:32,27970.0,
2021/07/16 6:33,26200.0,
2021/07/16 6:34,25010.0,
2021/07/16 6:35,23550.0,
2021/07/16 6:36,22970.0,
2021/07/16 6:37,22990.0,
2021/07/16 6:38,23000.0,
2021/07/16 6:39,23140.0,
2021/07/16 6:40,22940.0,
2021/07/16 6:41,23360.0,
2021/07/16 6:42,23620.0,
2021/07/16 6:43,24520.0,
2021/07/16 6:44,25000.0,
2021/07/16 6:45,25510.0,
2021/07/16 6:46,25130.0,
2021/07/16 6:47,25030.0,
2021/07/16 6:48,24190.0,
2021/07/16 6:49,22450.0,
2021/07/16 6:50,21110.0,
2021/07/16 6:51,19950.0,
2021/07/16 6:52,19170.0,
2021/07/16 6:53,18340.0,
2021/07/16 6:54,17530.0,
2021/07/16 6:55,17130.0,
2021/07/16 6:56,16840.0,
2021/07/16 6:57,16700.0,
2021/07/16 6:58,16430.0,
2021/07/16 6:59,16680.0,
2021/07/16 7:00,16900.0,
2021/07/16 7:01,17970.0,
2021/07/16 7:02,18480.0,
2021/07/16 7:03,18690.0,
2021/07/16 7:04,19770.0,
2021/07/16 7:05,20770.0,
2021/07/16 7:06,22030.0,
2021/07/16 7:07,21730.0,
2021/07/16 7:08,22750.0,
2021/07/16 7:09,23180.0,
2021/07/16 7:10,24140.0,
2021/07/16 7:11,23990.0,
2021/07/16 7:12,24640.0,
2021/07/16 7:13,26250.0,
2021/07/16 7:14,26820.0,
2021/07/16 7:15,27240.0,
2021/07/16 7:16,26270.0,
2021/07/16 7:17,28500.0,
2021/07/16 7:18,28940.0,
2021/07/16 7:19,30780.0,
2021/07/16 7:20,31720.0,
2021/07/16 7:21,33010.0,
2021/07/16 7:22,34300.0,
2021/07/16 7:23,35280.0,
2021/07/16 7:24,36060.0,
2021/07/16 7:25,35650.0,
2021/07/16 7:26,38600.0,
2021/07/16 7:27,35980.0,
2021/07/16 7:28,34850.0,
2021/07/16 7:29,33130.0,
2021/07/16 7:30,33940.0,
2021/07/16 7:31,32880.0,
2021/07/16 7:32,31100.0,
2021/07/16 7:33,28910.0,
2021/07/16 7:34,27520.0,
2021/07/16 7:35,27370.0,
2021/07/16 7:36,26140.0,
2021/07/16 7:37,26710.0,
2021/07/16 7:38,27120.0,
2021/07/16 7:39,27890.0,
2021/07/16 7:40,27410.0,
2021/07/16 7:41,27870.0,
2021/07/16 7:42,28360.0,
2021/07/16 7:43,29800.0,
2021/07/16 7:44,31010.0,
2021/07/16 7:45,30970.0,
2021/07/16 7:46,32090.0,
2021/07/16 7:47,32650.0,
2021/07/16 7:48,33080.0,
2021/07/16 7:49,32310.0,
2021/07/16 7:50,31800.0,
2021/07/16 7:51,30640.0,
2021/07/16 7:52,30410.0,
2021/07/16 7:53,29770.0,
2021/07/16 7:54,29680.0,
2021/07/16 7:55,29630.0,
2021/07/16 7:56,28990.0,
2021/07/16 7:57,29050.0,
2021/07/16 7:58,29100.0,
2021/07/16 7:59,29600.0,
2021/07/16 8:00,29250.0,
2021/07/16 8:01,30400.0,
2021/07/16 8:02,31280.0,
2021/07/16 8:03,33510.0,
2021/07/16 8:04,34030.0,
2021/07/16 8:05,33410.0,
2021/07/16 8:06,34420.0,
2021/07/16 8:07,35340.0,
2021/07/16 8:08,36600.0,
2021/07/16 8:09,34100.0,
2021/07/16 8:10,34450.0,
2021/07/16 8:11,,
2021/07/16 8:12,33140.0,
2021/07/16 8:13,31630.0,
2021/07/16 8:14,31620.0,
2021/07/16 8:15,30810.0,
2021/07/16 8:16,29450.0,
2021/07/16 8:17,28840.0,
2021/07/16 8:18,28190.0,
2021/07/16 8:19,29520.0,
2021/07/16 8:20,29460.0,
2021/07/16 8:21,29780.0,
2021/07/16 8:22,30420.0,
2021/07/16 8:23,31840.0,
2021/07/16 8:24,31970.0,
2021/07/16 8:25,32390.0,
2021/07/16 8:26,33320.0,
2021/07/16 8:27,34810.0,
2021/07/16 8:28,35370.0,
2021/07/16 8:29,36230.0,
2021/07/16 8:30,36760.0,
2021/07/16 8:31,36570.0,
2021/07/16 8:32,32760.0,
2021/07/16 8:33,30840.0,
2021/07/16 8:34,27690.0,
2021/07/16 8:35,27220.0,
2021/07/16 8:36,25100.0,
2021/07/16 8:37,23320.0,
2021/07/16 8:38,,
2021/07/16 8:39,23680.0,
2021/07/16 8:40,23760.0,
2021/07/16 8:41,23500.0,
2021/07/16 8:42,25810.0,
2021/07/16 8:43,26550.0,
2021/07/16 8:44,28730.0,
2021/07/16 8:45,30350.0,
2021/07/16 8:46,32590.0,
2021/07/16 8:47,36720.0,
2021/07/16 8:48,33000.0,
2021/07/16 8:49,31420.0,
2021/07/16 8:50,31550.0,
2021/07/16 8:51,30010.0,
2021/07/16 8:52,27580.0,
2021/07/16 8:53,26630.0,
2021/07/16 8:54,25940.0,
2021/07/16 8:55,25050.0,
2021/07/16 8:56,24000.0,
2021/07/16 8:57,22030.0,
2021/07/16 8:58,22080.0,
2021/07/16 8:59,22410.0,
2021/07/16 9:00,22020.0,
2021/07/16 9:01,22290.0,
2021/07/16 9:02,22430.0,
2021/07/16 9:03,22790.0,
2021/07/16 9:04,23050.0,
2021/07/16 9:05,22890.0,
2021/07/16 9:06,22580.0,
2021/07/16 9:07,23390.0,
2021/07/16 9:08,23520.0,
2021/07/16 9:09,23400.0,
2021/07/16 9:10,23510.0,
2021/07/16 9:11,23430.0,
2021/07/16 9:12,23670.0,
2021/07/16 9:13,23520.0,
2021/07/16 9:14,22490.0,
2021/07/16 9:15,22260.0,
2021/07/16 9:16,21950.0,
2021/07/16 9:17,21580.0,
2021/07/16 9:18,22360.0,
2021/07/16 9:19,21890.0,
2021/07/16 9:20,21850.0,
2021/07/16 9:21,21950.0,
2021/07/16 9:22,22170.0,
2021/07/16 9:23,22620.0,
2021/07/16 9:24,21600.0,
2021/07/16 9:25,21950.0,
2021/07/16 9:26,22150.0,
2021/07/16 9:27,22680.0,
2021/07/16 9:28,21760.0,
2021/07/16 9:29,21660.0,
2021/07/16 9:30,21620.0,
2021/07/16 9:31,21900.0,
2021/07/16 9:32,21520.0,
2021/07/16 9:33,21590.0,
2021/07/16 9:34,22350.0,
2021/07/16 9:35,21580.0,
2021/07/16 9:36,21330.0,
2021/07/16 9:37,20810.0,
2021/07/16 9:38,21080.0,
2021/07/16 9:39,21690.0,
2021/07/16 9:40,21440.0,
2021/07/16 9:41,20280.0,
2021/07/16 9:42,20190.0,
2021/07/16 9:43,20230.0,
2021/07/16 9:44,20880.0,
2021/07/16 9:45,22340.0,
2021/07/16 9:46,23180.0,
2021/07/16 9:47,23180.0,
2021/07/16 9:48,23270.0,
2021/07/16 9:49,22590.0,
2021/07/16 9:50,22330.0,
2021/07/16 9:51,23370.0,
2021/07/16 9:52,22880.0,
2021/07/16 9:53,21870.0,
2021/07/16 9:54,20900.0,
2021/07/16 9:55,19420.0,
2021/07/16 9:56,19510.0,
2021/07/16 9:57,19810.0,
2021/07/16 9:58,19660.0,
2021/07/16 9:59,19420.0,
2021/07/16 10:00,19590.0,
2021/07/16 10:01,19260.0,
2021/07/16 10:02,19220.0,
2021/07/16 10:03,19100.0,
2021/07/16 10:04,19430.0,
2021/07/16 10:05,19670.0,
2021/07/16 10:06,18970.0,
2021/07/16 10:07,18590.0,
2021/07/16 10:08,18200.0,
2021/07/16 10:09,18090.0,
2021/07/16 10:10,17070.0,
2021/07/16 10:11,16730.0,
2021/07/16 10:12,16740.0,
2021/07/16 10:13,16990.0,
2021/07/16 10:14,17900.0,
2021/07/16 10:15,18660.0,
2021/07/16 10:16,19720.0,
2021/07/16 10:17,20160.0,
2021/07/16 10:18,20430.0,
2021/07/16 10:19,19790.0,
2021/07/16 10:20,20110.0,
2021/07/16 10:21,20190.0,
2021/07/16 10:22,20380.0,
2021/07/16 10:23,20570.0,
2021/07/16 10:24,19150.0,
2021/07/16 10:25,18190.0,
2021/07/16 10:26,17070.0,
2021/07/16 10:27,16290.0,
2021/07/16 10:28,15900.0,
2021/07/16 10:29,16110.0,
2021/07/16 10:30,15810.0,
2021/07/16 10:31,16050.0,
2021/07/16 10:32,15730.0,
2021/07/16 10:33,15490.0,
2021/07/16 10:34,16070.0,
2021/07/16 10:35,15830.0,
2021/07/16 10:36,15830.0,
2021/07/16 10:37,15840.0,
2021/07/16 10:38,16540.0,
2021/07/16 10:39,17510.0,
2021/07/16 10:40,18150.0,
2021/07/16 10:41,18190.0,
2021/07/16 10:42,19070.0,
2021/07/16 10:43,19140.0,
2021/07/16 10:44,19290.0,
2021/07/16 10:45,20100.0,
2021/07/16 10:46,20930.0,
2021/07/16 10:47,21950.0,
2021/07/16 10:48,21480.0,
2021/07/16 10:49,19970.0,
2021/07/16 10:50,20960.0,
2021/07/16 10:51,21920.0,
2021/07/16 10:52,22740.0,
2021/07/16 10:53,24090.0,
2021/07/16 10:54,24400.0,
2021/07/16 10:55,25660.0,
2021/07/16 10:56,26280.0,
2021/07/16 10:57,27610.0,
2021/07/16 10:58,29230.0,
2021/07/16 10:59,32480.0,
2021/07/16 11:00,32190.0,
2021/07/16 11:01,31650.0,
2021/07/16 11:02,30540.0,
2021/07/16 11:03,30920.0,
2021/07/16 11:04,32580.0,
2021/07/16 11:05,34930.0,
2021/07/16 11:06,35720.0,
2021/07/16 11:07,34230.0,
2021/07/16 11:08,33050.0,
2021/07/16 11:09,33660.0,
2021/07/16 11:10,33370.0,
2021/07/16 11:11,33370.0,
2021/07/16 11:12,,
2021/07/16 11:13,35860.0,
2021/07/16 11:14,34510.0,
2021/07/16 11:15,33030.0,
2021/07/16 11:16,31910.0,
2021/07/16 11:17,31990.0,
2021/07/16 11:18,31560.0,
2021/07/16 11:19,32730.0,
2021/07/16 11:20,31700.0,
2021/07/16 11:21,34140.0,
2021/07/16 11:22,31880.0,
2021/07/16 11:23,29940.0,
2021/07/16 11:24,29970.0,
2021/07/16 11:25,29500.0,
2021/07/16 11:26,28940.0,
2021/07/16 11:27,26460.0,
2021/07/16 11:28,23970.0,
2021/07/16 11:29,23180.0,
2021/07/16 11:30,21850.0,
2021/07/16 11:31,20280.0,
2021/07/16 11:32,19210.0,
2021/07/16 11:33,19010.0,
2021/07/16 11:34,18650.0,
2021/07/16 11:35,18310.0,
2021/07/16 11:36,18840.0,
2021/07/16 11:37,,
2021/07/16 11:38,20450.0,
2021/07/16 11:39,22300.0,
2021/07/16 11:40,23160.0,
2021/07/16 11:41,24120.0,
2021/07/16 11:42,26740.0,
2021/07/16 11:43,27110.0,
2021/07/16 11:44,29410.0,
2021/07/16 11:45,32800.0,
2021/07/16 11:46,34060.0,
2021/07/16 11:47,35810.0,
2021/07/16 11:48,33840.0,
2021/07/16 11:49,31390.0,
2021/07/16 11:50,29820.0,
2021/07/16 11:51,27180.0,
2021/07/16 11:52,25250.0,
2021/07/16 11:53,23810.0,
2021/07/16 11:54,22360.0,
2021/07/16 11:55,21070.0,
2021/07/16 11:56,20530.0,
2021/07/16 11:57,19890.0,
2021/07/16 11:58,20280.0,
2021/07/16 11:59,21520.0,
2021/07/16 12:00,20710.0,
2021/07/16 12:01,20520.0,
2021/07/16 12:02,20620.0,
2021/07/16 12:03,21260.0,
2021/07/16 12:04,21910.0,
2021/07/16 12:05,22010.0,
2021/07/16 12:06,21120.0,
2021/07/16 12:07,20380.0,
2021/07/16 12:08,21010.0,
2021/07/16 12:09,21610.0,
2021/07/16 12:10,23980.0,
2021/07/16 12:11,26930.0,
2021/07/16 12:12,29560.0,
2021/07/16 12:13,29820.0,
2021/07/16 12:14,31670.0,
2021/07/16 12:15,33290.0,
2021/07/16 12:16,36170.0,
2021/07/16 12:17,41680.0,
2021/07/16 12:18,43700.0,
2021/07/16 12:19,43740.0,
2021/07/16 12:20,43790.0,
2021/07/16 12:21,43820.0,
2021/07/16 12:22,43180.0,
2021/07/16 12:23,41130.0,
2021/07/16 12:24,38310.0,
2021/07/16 12:25,37520.0,
2021/07/16 12:26,34780.0,
2021/07/16 12:27,30300.0,
2021/07/16 12:28,26330.0,
2021/07/16 12:29,23120.0,
2021/07/16 12:30,21220.0,
2021/07/16 12:31,19940.0,
2021/07/16 12:32,19400.0,
2021/07/16 12:33,19170.0,
2021/07/16 12:34,19120.0,
2021/07/16 12:35,19130.0,
2021/07/16 12:36,19680.0,
2021/07/16 12:37,20640.0,
2021/07/16 12:38,22860.0,
2021/07/16 12:39,25650.0,
2021/07/16 12:40,28150.0,
2021/07/16 12:41,29690.0,
2021/07/16 12:42,29890.0,
2021/07/16 12:43,29360.0,
2021/07/16 12:44,27150.0,
2021/07/16 12:45,24320.0,
2021/07/16 12:46,23060.0,
2021/07/16 12:47,21830.0,
2021/07/16 12:48,21270.0,
2021/07/16 12:49,20620.0,
2021/07/16 12:50,19740.0,
2021/07/16 12:51,19530.0,
2021/07/16 12:52,19650.0,
2021/07/16 12:53,19680.0,
2021/07/16 12:54,20580.0,
2021/07/16 12:55,21940.0,
2021/07/16 12:56,23220.0,
2021/07/16 12:57,24950.0,
2021/07/16 12:58,25720.0,
2021/07/16 12:59,26530.0,
2021/07/16 13:00,27890.0,
2021/07/16 13:01,29210.0,
2021/07/16 13:02,29310.0,
2021/07/16 13:03,31750.0,
2021/07/16 13:04,34390.0,
2021/07/16 13:05,36790.0,
2021/07/16 13:06,38950.0,
2021/07/16 13:07,40230.0,
2021/07/16 13:08,40540.0,
2021/07/16 13:09,40860.0,
2021/07/16 13:10,42580.0,
2021/07/16 13:11,42020.0,
2021/07/16 13:12,45660.0,
2021/07/16 13:13,44410.0,
2021/07/16 13:14,38900.0,
2021/07/16 13:15,34160.0,
2021/07/16 13:16,31800.0,
2021/07/16 13:17,29390.0,
2021/07/16 13:18,27470.0,
2021/07/16 13:19,26490.0,
2021/07/16 13:20,25160.0,
2021/07/16 13:21,24550.0,
2021/07/16 13:22,23950.0,
2021/07/16 13:23,22200.0,
2021/07/16 13:24,22780.0,
2021/07/16 13:25,23200.0,
2021/07/16 13:26,23070.0,
2021/07/16 13:27,22570.0,
2021/07/16 13:28,23900.0,
2021/07/16 13:29,22610.0,
2021/07/16 13:30,22880.0,
2021/07/16 13:31,22510.0,
2021/07/16 13:32,22340.0,
2021/07/16 13:33,23400.0,
2021/07/16 13:34,22710.0,
2021/07/16 13:35,23210.0,
2021/07/16 13:36,22640.0,
2021/07/16 13:37,23670.0,
2021/07/16 13:38,22580.0,
2021/07/16 13:39,23310.0,
2021/07/16 13:40,22960.0,
2021/07/16 13:41,23970.0,
2021/07/16 13:42,23670.0,
2021/07/16 13:43,23100.0,
2021/07/16 13:44,24450.0,
2021/07/16 13:45,24630.0,
2021/07/16 13:46,25980.0,
2021/07/16 13:47,26730.0,
2021/07/16 13:48,26970.0,
2021/07/16 13:49,29210.0,
2021/07/16 13:50,30620.0,
2021/07/16 13:51,30390.0,
2021/07/16 13:52,29490.0,
2021/07/16 13:53,30540.0,
2021/07/16 13:54,28330.0,
2021/07/16 13:55,27960.0,
2021/07/16 13:56,27510.0,
2021/07/16 13:57,26510.0,
2021/07/16 13:58,26770.0,
2021/07/16 13:59,24310.0,
2021/07/16 14:00,23440.0,
2021/07/16 14:01,23450.0,
2021/07/16 14:02,24380.0,
2021/07/16 14:03,25520.0,
2021/07/16 14:04,28070.0,
2021/07/16 14:05,28220.0,
2021/07/16 14:06,28150.0,
2021/07/16 14:07,28560.0,
2021/07/16 14:08,29500.0,
2021/07/16 14:09,33030.0,
2021/07/16 14:10,34770.0,
2021/07/16 14:11,35520.0,
2021/07/16 14:12,33720.0,
2021/07/16 14:13,31450.0,
2021/07/16 14:14,29460.0,
2021/07/16 14:15,29950.0,
2021/07/16 14:16,31410.0,
2021/07/16 14:17,31640.0,
2021/07/16 14:18,31320.0,
2021/07/16 14:19,29830.0,
2021/07/16 14:20,29330.0,
2021/07/16 14:21,28400.0,
2021/07/16 14:22,29760.0,
2021/07/16 14:23,31040.0,
2021/07/16 14:24,31930.0,
2021/07/16 14:25,30900.0,
2021/07/16 14:26,29760.0,
2021/07/16 14:27,31370.0,
2021/07/16 14:28,31280.0,
2021/07/16 14:29,32730.0,
2021/07/16 14:30,33060.0,
2021/07/16 14:31,35090.0,
2021/07/16 14:32,34080.0,
2021/07/16 14:33,34490.0,
2021/07/16 14:34,36270.0,
2021/07/16 14:35,37960.0,
2021/07/16 14:36,39260.0,
2021/07/16 14:37,37410.0,
2021/07/16 14:38,36050.0,
2021/07/16 14:39,32810.0,
2021/07/16 14:40,32880.0,
2021/07/16 14:41,31160.0,
2021/07/16 14:42,30910.0,
2021/07/16 14:43,30520.0,
2021/07/16 14:44,29690.0,
2021/07/16 14:45,29860.0,
2021/07/16 14:46,30320.0,
2021/07/16 14:47,31090.0,
2021/07/16 14:48,33520.0,
2021/07/16 14:49,35630.0,
2021/07/16 14:50,36290.0,
2021/07/16 14:51,36860.0,
2021/07/16 14:52,39330.0,
2021/07/16 14:53,38080.0,
2021/07/16 14:54,37090.0,
2021/07/16 14:55,38550.0,
2021/07/16 14:56,37010.0,
2021/07/16 14:57,35950.0,
2021/07/16 14:58,34970.0,
2021/07/16 14:59,34530.0,
2021/07/16 15:00,31320.0,
2021/07/16 15:01,29650.0,
2021/07/16 15:02,30240.0,
2021/07/16 15:03,31310.0,
2021/07/16 15:04,31980.0,
2021/07/16 15:05,30590.0,
2021/07/16 15:06,30380.0,
2021/07/16 15:07,29220.0,
2021/07/16 15:08,28640.0,
2021/07/16 15:09,28260.0,
2021/07/16 15:10,27410.0,
2021/07/16 15:11,26650.0,
2021/07/16 15:12,24610.0,
2021/07/16 15:13,,
2021/07/16 15:14,22310.0,
2021/07/16 15:15,22110.0,
2021/07/16 15:16,22200.0,
2021/07/16 15:17,22470.0,
2021/07/16 15:18,21940.0,
2021/07/16 15:19,22010.0,
2021/07/16 15:20,22050.0,
2021/07/16 15:21,22720.0,
2021/07/16 15:22,,
2021/07/16 15:23,24490.0,
2021/07/16 15:24,25200.0,
2021/07/16 15:25,24990.0,
2021/07/16 15:26,25010.0,
2021/07/16 15:27,26200.0,
2021/07/16 15:28,,
2021/07/16 15:29,27020.0,
2021/07/16 15:30,28110.0,
2021/07/16 15:31,29660.0,
2021/07/16 15:32,31490.0,
2021/07/16 15:33,31710.0,
2021/07/16 15:34,32460.0,
2021/07/16 15:35,32340.0,
2021/07/16 15:36,29780.0,
2021/07/16 15:37,26160.0,
2021/07/16 15:38,27160.0,
2021/07/16 15:39,25570.0,
2021/07/16 15:40,25070.0,
2021/07/16 15:41,24770.0,
2021/07/16 15:42,24290.0,
2021/07/16 15:43,23900.0,
2021/07/16 15:44,22830.0,
2021/07/16 15:45,22430.0,
2021/07/16 15:46,23390.0,
2021/07/16 15:47,25610.0,
2021/07/16 15:48,26150.0,
2021/07/16 15:49,28210.0,
2021/07/16 15:50,27470.0,
2021/07/16 15:51,26930.0,
2021/07/16 15:52,27180.0,
2021/07/16 15:53,26660.0,
2021/07/16 15:54,26810.0,
2021/07/16 15:55,28210.0,
2021/07/16 15:56,28680.0,
2021/07/16 15:57,28710.0,
2021/07/16 15:58,28670.0,
2021/07/16 15:59,28340.0,
2021/07/16 16:00,29020.0,
2021/07/16 16:01,29300.0,
2021/07/16 16:02,28650.0,
2021/07/16 16:03,29420.0,
2021/07/16 16:04,29980.0,
2021/07/16 16:05,29510.0,
2021/07/16 16:06,28720.0,
2021/07/16 16:07,27750.0,
2021/07/16 16:08,27710.0,
2021/07/16 16:09,28100.0,
2021/07/16 16:10,27490.0,
2021/07/16 16:11,26910.0,
2021/07/16 16:12,26390.0,
2021/07/16 16:13,25470.0,
2021/07/16 16:14,25580.0,
2021/07/16 16:15,26280.0,
2021/07/16 16:16,26270.0,
2021/07/16 16:17,26740.0,
2021/07/16 16:18,27490.0,
2021/07/16 16:19,27140.0,
2021/07/16 16:20,29120.0,
2021/07/16 16:21,31650.0,
2021/07/16 16:22,32970.0,
2021/07/16 16:23,33210.0,
2021/07/16 16:24,33670.0,
2021/07/16 16:25,32070.0,
2021/07/16 16:26,30550.0,
2021/07/16 16:27,31290.0,
2021/07/16 16:28,29160.0,
2021/07/16 16:29,28510.0,
2021/07/16 16:30,27230.0,
2021/07/16 16:31,25830.0,
2021/07/16 16:32,25590.0,
2021/07/16 16:33,25900.0,
2021/07/16 16:34,25170.0,
2021/07/16 16:35,25740.0,
2021/07/16 16:36,27020.0,
2021/07/16 16:37,26860.0,
2021/07/16 16:38,27360.0,
2021/07/16 16:39,27050.0,
2021/07/16 16:40,28060.0,
2021/07/16 16:41,29120.0,
2021/07/16 16:42,28900.0,
2021/07/16 16:43,28760.0,
2021/07/16 16:44,28670.0,
2021/07/16 16:45,28270.0,
2021/07/16 16:46,27100.0,
2021/07/16 16:47,26510.0,
2021/07/16 16:48,27720.0,
2021/07/16 16:49,28750.0,
2021/07/16 16:50,27590.0,
2021/07/16 16:51,26550.0,
2021/07/16 16:52,26080.0,
2021/07/16 16:53,25750.0,
2021/07/16 16:54,27090.0,
2021/07/16 16:55,26570.0,
2021/07/16 16:56,27670.0,
2021/07/16 16:57,28060.0,
2021/07/16 16:58,26530.0,
2021/07/16 16:59,26050.0,
2021/07/16 17:00,26310.0,
2021/07/16 17:01,26250.0,
2021/07/16 17:02,27790.0,
2021/07/16 17:03,28530.0,
2021/07/16 17:04,28310.0,
2021/07/16 17:05,29290.0,
2021/07/16 17:06,29180.0,
2021/07/16 17:07,28640.0,
2021/07/16 17:08,29920.0,
2021/07/16 17:09,30580.0,
2021/07/16 17:10,31020.0,
2021/07/16 17:11,31010.0,
2021/07/16 17:12,29530.0,
2021/07/16 17:13,28610.0,
2021/07/16 17:14,29200.0,
2021/07/16 17:15,29520.0,
2021/07/16 17:16,29020.0,
2021/07/16 17:17,29550.0,
2021/07/16 17:18,29640.0,
2021/07/16 17:19,29020.0,
2021/07/16 17:20,28790.0,
2021/07/16 17:21,29010.0,
2021/07/16 17:22,29110.0,
2021/07/16 17:23,29980.0,
2021/07/16 17:24,28670.0,
2021/07/16 17:25,27920.0,
2021/07/16 17:26,28250.0,
2021/07/16 17:27,26970.0,
2021/07/16 17:28,25830.0,
2021/07/16 17:29,24990.0,
2021/07/16 17:30,24290.0,
2021/07/16 17:31,24350.0,
2021/07/16 17:32,24350.0,
2021/07/16 17:33,24330.0,
2021/07/16 17:34,24730.0,
2021/07/16 17:35,23980.0,
2021/07/16 17:36,23710.0,
2021/07/16 17:37,23940.0,
2021/07/16 17:38,24600.0,
2021/07/16 17:39,26120.0,
2021/07/16 17:40,26990.0,
2021/07/16 17:41,27410.0,
2021/07/16 17:42,26620.0,
2021/07/16 17:43,26350.0,
2021/07/16 17:44,25460.0,
2021/07/16 17:45,27290.0,
2021/07/16 17:46,25990.0,
2021/07/16 17:47,24190.0,
2021/07/16 17:48,22580.0,
2021/07/16 17:49,21800.0,
2021/07/16 17:50,21710.0,
2021/07/16 17:51,21130.0,
2021/07/16 17:52,20890.0,
2021/07/16 17:53,21700.0,
2021/07/16 17:54,21260.0,
2021/07/16 17:55,19800.0,
2021/07/16 17:56,20640.0,
2021/07/16 17:57,22450.0,
2021/07/16 17:58,24290.0,
2021/07/16 17:59,24590.0,
2021/07/16 18:00,24640.0,
2021/07/16 18:01,25470.0,
2021/07/16 18:02,26190.0,
2021/07/16 18:03,25710.0,
2021/07/16 18:04,26240.0,
2021/07/16 18:05,27000.0,
2021/07/16 18:06,26390.0,
2021/07/16 18:07,25690.0,
2021/07/16 18:08,24910.0,
2021/07/16 18:09,25480.0,
2021/07/16 18:10,25140.0,
2021/07/16 18:11,24420.0,
2021/07/16 18:12,24270.0,
2021/07/16 18:13,22740.0,
2021/07/16 18:14,22690.0,
2021/07/16 18:15,21960.0,
2021/07/16 18:16,21890.0,
2021/07/16 18:17,22060.0,
2021/07/16 18:18,22570.0,
2021/07/16 18:19,22620.0,
2021/07/16 18:20,23210.0,
2021/07/16 18:21,23290.0,
2021/07/16 18:22,24010.0,
2021/07/16 18:23,25270.0,
2021/07/16 18:24,25740.0,
2021/07/16 18:25,27320.0,
2021/07/16 18:26,28910.0,
2021/07/16 18:27,28620.0,
2021/07/16 18:28,28080.0,
2021/07/16 18:29,28300.0,
2021/07/16 18:30,29190.0,
2021/07/16 18:31,30360.0,
2021/07/16 18:32,29620.0,
2021/07/16 18:33,29360.0,
2021/07/16 18:34,29700.0,
2021/07/16 18:35,29170.0,
2021/07/16 18:36,28110.0,
2021/07/16 18:37,24980.0,
2021/07/16 18:38,24430.0,
2021/07/16 18:39,22890.0,
2021/07/16 18:40,21230.0,
2021/07/16 18:41,20800.0,
2021/07/16 18:42,20620.0,
2021/07/16 18:43,,
2021/07/16 18:44,19430.0,
2021/07/16 18:45,19640.0,
2021/07/16 18:46,19500.0,
2021/07/16 18:47,21200.0,
2021/07/16 18:48,22250.0,
2021/07/16 18:49,22170.0,
2021/07/16 18:50,22530.0,
2021/07/16 18:51,22660.0,
2021/07/16 18:52,23080.0,
2021/07/16 18:53,22930.0,
2021/07/16 18:54,21540.0,
2021/07/16 18:55,21250.0,
2021/07/16 18:56,21790.0,
2021/07/16 18:57,20630.0,
2021/07/16 18:58,19960.0,
2021/07/16 18:59,20380.0,
2021/07/16 19:00,20990.0,
2021/07/16 19:01,20970.0,
2021/07/16 19:02,20760.0,
2021/07/16 19:03,21410.0,
2021/07/16 19:04,23500.0,
2021/07/16 19:05,24010.0,
2021/07/16 19:06,25320.0,
2021/07/16 19:07,26300.0,
2021/07/16 19:08,26810.0,
2021/07/16 19:09,26190.0,
2021/07/16 19:10,26280.0,
2021/07/16 19:11,26150.0,
2021/07/16 19:12,26600.0,
2021/07/16 19:13,27190.0,
2021/07/16 19:14,27370.0,
2021/07/16 19:15,27220.0,
2021/07/16 19:16,26850.0,
2021/07/16 19:17,27700.0,
2021/07/16 19:18,28070.0,
2021/07/16 19:19,28550.0,
2021/07/16 19:20,27760.0,
2021/07/16 19:21,27530.0,
2021/07/16 19:22,28030.0,
2021/07/16 19:23,27250.0,
2021/07/16 19:24,25840.0,
2021/07/16 19:25,25210.0,
2021/07/16 19:26,24120.0,
2021/07/16 19:27,23370.0,
2021/07/16 19:28,22680.0,
2021/07/16 19:29,22520.0,
2021/07/16 19:30,23010.0,
2021/07/16 19:31,22150.0,
2021/07/16 19:32,20780.0,
2021/07/16 19:33,20310.0,
2021/07/16 19:34,20910.0,
2021/07/16 19:35,21130.0,
2021/07/16 19:36,21680.0,
2021/07/16 19:37,20600.0,
2021/07/16 19:38,19490.0,
2021/07/16 19:39,17600.0,
2021/07/16 19:40,16560.0,
2021/07/16 19:41,16780.0,
2021/07/16 19:42,17170.0,
2021/07/16 19:43,17210.0,
2021/07/16 19:44,16910.0,
2021/07/16 19:45,16850.0,
2021/07/16 19:46,17020.0,
2021/07/16 19:47,18140.0,
2021/07/16 19:48,19230.0,
2021/07/16 19:49,20650.0,
2021/07/16 19:50,21870.0,
2021/07/16 19:51,22510.0,
2021/07/16 19:52,22880.0,
2021/07/16 19:53,23170.0,
2021/07/16 19:54,24070.0,
2021/07/16 19:55,24040.0,
2021/07/16 19:56,24290.0,
2021/07/16 19:57,24420.0,
2021/07/16 19:58,24240.0,
2021/07/16 19:59,23920.0,
2021/07/16 20:00,23920.0,
2021/07/16 20:01,23760.0,
2021/07/16 20:02,23830.0,
2021/07/16 20:03,24110.0,
2021/07/16 20:04,23760.0,
2021/07/16 20:05,23900.0,
2021/07/16 20:06,23080.0,
2021/07/16 20:07,21090.0,
2021/07/16 20:08,20840.0,
2021/07/16 20:09,21990.0,
2021/07/16 20:10,21730.0,
2021/07/16 20:11,21630.0,
2021/07/16 20:12,22210.0,
2021/07/16 20:13,22680.0,
2021/07/16 20:14,22750.0,
2021/07/16 20:15,23170.0,
2021/07/16 20:16,24230.0,
2021/07/16 20:17,27620.0,
2021/07/16 20:18,30540.0,
2021/07/16 20:19,31470.0,
2021/07/16 20:20,33160.0,
2021/07/16 20:21,34880.0,
2021/07/16 20:22,33470.0,
2021/07/16 20:23,33310.0,
2021/07/16 20:24,34180.0,
2021/07/16 20:25,33970.0,
2021/07/16 20:26,33420.0,
2021/07/16 20:27,31840.0,
2021/07/16 20:28,29680.0,
2021/07/16 20:29,28240.0,
2021/07/16 20:30,27930.0,
2021/07/16 20:31,27350.0,
2021/07/16 20:32,27690.0,
2021/07/16 20:33,26590.0,
2021/07/16 20:34,25870.0,
2021/07/16 20:35,,
2021/07/16 20:36,25830.0,
2021/07/16 20:37,23940.0,
2021/07/16 20:38,24360.0,
2021/07/16 20:39,24310.0,
2021/07/16 20:40,23930.0,
2021/07/16 20:41,23750.0,
2021/07/16 20:42,,
2021/07/16 20:43,24480.0,
2021/07/16 20:44,24640.0,
2021/07/16 20:45,24840.0,
2021/07/16 20:46,24990.0,
2021/07/16 20:47,27630.0,
2021/07/16 20:48,28590.0,
2021/07/16 20:49,30200.0,
2021/07/16 20:50,31930.0,
2021/07/16 20:51,33500.0,
2021/07/16 20:52,33920.0,
2021/07/16 20:53,34710.0,
2021/07/16 20:54,35600.0,
2021/07/16 20:55,35410.0,
2021/07/16 20:56,36270.0,
2021/07/16 20:57,35490.0,
2021/07/16 20:58,34660.0,
2021/07/16 20:59,33710.0,
2021/07/16 21:00,32350.0,
2021/07/16 21:01,30750.0,
2021/07/16 21:02,30260.0,
2021/07/16 21:03,30790.0,
2021/07/16 21:04,31050.0,
2021/07/16 21:05,31730.0,
2021/07/16 21:06,29640.0,
2021/07/16 21:07,28850.0,
2021/07/16 21:08,29790.0,
2021/07/16 21:09,29700.0,
2021/07/16 21:10,30520.0,
2021/07/16 21:11,32380.0,
2021/07/16 21:12,34100.0,
2021/07/16 21:13,33470.0,
2021/07/16 21:14,33470.0,
2021/07/16 21:15,32260.0,
2021/07/16 21:16,34710.0,
2021/07/16 21:17,37880.0,
2021/07/16 21:18,37320.0,
2021/07/16 21:19,36830.0,
2021/07/16 21:20,35990.0,
2021/07/16 21:21,33520.0,
2021/07/16 21:22,32700.0,
2021/07/16 21:23,30340.0,
2021/07/16 21:24,30170.0,
2021/07/16 21:25,30590.0,
2021/07/16 21:26,29950.0,
2021/07/16 21:27,29190.0,
2021/07/16 21:28,28850.0,
2021/07/16 21:29,29000.0,
2021/07/16 21:30,27490.0,
2021/07/16 21:31,27090.0,
2021/07/16 21:32,26340.0,
2021/07/16 21:33,24800.0,
2021/07/16 21:34,24060.0,
2021/07/16 21:35,23510.0,
2021/07/16 21:36,23330.0,
2021/07/16 21:37,22490.0,
2021/07/16 21:38,21680.0,
2021/07/16 21:39,21050.0,
2021/07/16 21:40,21580.0,
2021/07/16 21:41,21820.0,
2021/07/16 21:42,23400.0,
2021/07/16 21:43,24500.0,
2021/07/16 21:44,24630.0,
2021/07/16 21:45,25020.0,
2021/07/16 21:46,25890.0,
2021/07/16 21:47,26490.0,
2021/07/16 21:48,27360.0,
2021/07/16 21:49,29360.0,
2021/07/16 21:50,29690.0,
2021/07/16 21:51,30130.0,
2021/07/16 21:52,30060.0,
2021/07/16 21:53,29680.0,
2021/07/16 21:54,30340.0,
2021/07/16 21:55,30700.0,
2021/07/16 21:56,30790.0,
2021/07/16 21:57,31060.0,
2021/07/16 21:58,31870.0,
2021/07/16 21:59,,
2021/07/16 22:00,,
2021/07/16 22:01,30750.0,
2021/07/16 22:02,30680.0,
2021/07/16 22:03,,
2021/07/16 22:04,30170.0,
2021/07/16 22:05,28390.0,
2021/07/16 22:06,27900.0,
2021/07/16 22:07,28020.0,
2021/07/16 22:08,27760.0,
2021/07/16 22:09,27840.0,
2021/07/16 22:10,27670.0,
2021/07/16 22:11,28090.0,
2021/07/16 22:12,27920.0,
2021/07/16 22:13,27780.0,
2021/07/16 22:14,28700.0,
2021/07/16 22:15,29580.0,
2021/07/16 22:16,30060.0,
2021/07/16 22:17,29030.0,
2021/07/16 22:18,28690.0,
2021/07/16 22:19,27670.0,
2021/07/16 22:20,27820.0,
2021/07/16 22:21,28930.0,
2021/07/16 22:22,30140.0,
2021/07/16 22:23,29590.0,
2021/07/16 22:24,29900.0,
2021/07/16 22:25,30740.0,
2021/07/16 22:26,30270.0,
2021/07/16 22:27,29900.0,
2021/07/16 22:28,29680.0,
2021/07/16 22:29,31390.0,
2021/07/16 22:30,31970.0,
2021/07/16 22:31,31430.0,
2021/07/16 22:32,31020.0,
2021/07/16 22:33,30570.0,
2021/07/16 22:34,31090.0,
2021/07/16 22:35,30760.0,
2021/07/16 22:36,31700.0,
2021/07/16 22:37,33080.0,
2021/07/16 22:38,33460.0,
2021/07/16 22:39,33410.0,
2021/07/16 22:40,33350.0,
2021/07/16 22:41,34410.0,
2021/07/16 22:42,35170.0,
2021/07/16 22:43,35640.0,
2021/07/16 22:44,34870.0,
2021/07/16 22:45,33960.0,
2021/07/16 22:46,33750.0,
2021/07/16 22:47,34100.0,
2021/07/16 22:48,35020.0,
2021/07/16 22:49,34940.0,
2021/07/16 22:50,34780.0,
2021/07/16 22:51,33940.0,
2021/07/16 22:52,32950.0,
2021/07/16 22:53,33710.0,
2021/07/16 22:54,33820.0,
2021/07/16 22:55,34150.0,
2021/07/16 22:56,34180.0,
2021/07/16 22:57,32860.0,
2021/07/16 22:58,31650.0,
2021/07/16 22:59,30640.0,
2021/07/16 23:00,30570.0,
2021/07/16 23:01,31530.0,
2021/07/16 23:02,,
2021/07/16 23:03,33060.0,
2021/07/16 23:04,33790.0,
2021/07/16 23:05,34900.0,
2021/07/16 23:06,33430.0,
2021/07/16 23:07,33320.0,
2021/07/16 23:08,33740.0,
2021/07/16 23:09,35230.0,
2021/07/16 23:10,35460.0,
2021/07/16 23:11,35540.0,
2021/07/16 23:12,33570.0,
2021/07/16 23:13,33450.0,
2021/07/16 23:14,33310.0,
2021/07/16 23:15,33220.0,
2021/07/16 23:16,35560.0,
2021/07/16 23:17,38090.0,
2021/07/16 23:18,39330.0,
2021/07/16 23:19,39360.0,
2021/07/16 23:20,39340.0,
2021/07/16 23:21,36450.0,
2021/07/16 23:22,37590.0,
2021/07/16 23:23,36460.0,
2021/07/16 23:24,35950.0,
2021/07/16 23:25,35680.0,
2021/07/16 23:26,35230.0,
2021/07/16 23:27,34290.0,
2021/07/16 23:28,32960.0,
2021/07/16 23:29,33050.0,
2021/07/16 23:30,33610.0,
2021/07/16 23:31,35460.0,
2021/07/16 23:32,35940.0,
2021/07/16 23:33,35930.0,
2021/07/16 23:34,32310.0,
2021/07/16 23:35,31020.0,
2021/07/16 23:36,27390.0,
2021/07/16 23:37,26410.0,
2021/07/16 23:38,24690.0,
2021/07/16 23:39,24240.0,
2021/07/16 23:40,23680.0,
2021/07/16 23:41,23480.0,
2021/07/16 23:42,23960.0,
2021/07/16 23:43,24260.0,
2021/07/16 23:44,26150.0,
2021/07/16 23:45,26450.0,
2021/07/16 23:46,29470.0,
2021/07/16 23:47,30520.0,
2021/07/16 23:48,33880.0,
2021/07/16 23:49,34520.0,
2021/07/16 23:50,34490.0,
2021/07/16 23:51,34640.0,
2021/07/16 23:52,33770.0,
2021/07/16 23:53,33710.0,
2021/07/16 23:54,33210.0,
2021/07/16 23:55,34040.0,
2021/07/16 23:56,34220.0,
2021/07/16 23:57,34710.0,
2021/07/16 23:58,32410.0,
2021/07/16 23:59,31610.0,
2021/07/17 0:00,31690.0,
