Date,Temp,RH
2021/07/03 0:00,29.3,86
2021/07/03 0:01,29.3,86
2021/07/03 0:02,29.3,86
2021/07/03 0:03,29.3,86
2021/07/03 0:04,29.3,86
2021/07/03 0:05,29.3,86
2021/07/03 0:06,29.3,86
2021/07/03 0:07,29.2,86
2021/07/03 0:08,29.3,87
2021/07/03 0:09,29.3,87
2021/07/03 0:10,29.2,87
2021/07/03 0:11,29.2,87
2021/07/03 0:12,29.2,87
2021/07/03 0:13,29.2,87
2021/07/03 0:14,29.2,87
2021/07/03 0:15,29.2,87
2021/07/03 0:16,29.2,87
2021/07/03 0:17,29.2,87
2021/07/03 0:18,29.2,87
2021/07/03 0:19,29.2,87
2021/07/03 0:20,29.2,87
2021/07/03 0:21,29.1,88
2021/07/03 0:22,29.1,88
2021/07/03 0:23,29.1,88
2021/07/03 0:24,29.1,88
2021/07/03 0:25,29.1,88
2021/07/03 0:26,29.1,88
2021/07/03 0:27,29.1,88
2021/07/03 0:28,29.1,88
2021/07/03 0:29,29.0,88
2021/07/03 0:30,29.0,88
2021/07/03 0:31,29.0,88
2021/07/03 0:32,29.0,88
2021/07/03 0:33,29.0,88
2021/07/03 0:34,29.0,89
2021/07/03 0:35,29.0,89
2021/07/03 0:36,29.0,89
2021/07/03 0:37,29.0,88
2021/07/03 0:38,29.0,88
2021/07/03 0:39,29.0,88
2021/07/03 0:40,29.0,89
2021/07/03 0:41,29.0,89
2021/07/03 0:42,29.0,89
2021/07/03 0:43,29.0,89
2021/07/03 0:44,29.0,89
2021/07/03 0:45,29.0,89
2021/07/03 0:46,29.0,88
2021/07/03 0:47,29.0,89
2021/07/03 0:48,29.0,89
2021/07/03 0:49,29.0,89
2021/07/03 0:50,29.1,89
2021/07/03 0:51,29.1,89
2021/07/03 0:52,29.1,89
2021/07/03 0:53,29.1,89
2021/07/03 0:54,29.1,89
2021/07/03 0:55,29.1,89
2021/07/03 0:56,29.1,89
2021/07/03 0:57,29.1,89
2021/07/03 0:58,29.1,89
2021/07/03 0:59,29.1,89
2021/07/03 1:00,29.1,89
2021/07/03 1:01,29.1,89
2021/07/03 1:02,29.1,89
2021/07/03 1:03,29.1,89
2021/07/03 1:04,29.1,90
2021/07/03 1:05,29.1,90
2021/07/03 1:06,29.0,90
2021/07/03 1:07,29.0,90
2021/07/03 1:08,29.0,90
2021/07/03 1:09,29.0,89
2021/07/03 1:10,29.0,89
2021/07/03 1:11,29.0,89
2021/07/03 1:12,29.0,89
2021/07/03 1:13,29.0,89
2021/07/03 1:14,29.0,89
2021/07/03 1:15,29.0,89
2021/07/03 1:16,29.0,89
2021/07/03 1:17,29.0,89
2021/07/03 1:18,29.0,89
2021/07/03 1:19,29.0,89
2021/07/03 1:20,29.0,89
2021/07/03 1:21,29.0,89
2021/07/03 1:22,29.0,89
2021/07/03 1:23,29.0,89
2021/07/03 1:24,29.0,89
2021/07/03 1:25,29.0,89
2021/07/03 1:26,29.0,89
2021/07/03 1:27,29.0,89
2021/07/03 1:28,29.0,88
2021/07/03 1:29,29.0,88
2021/07/03 1:30,29.0,88
2021/07/03 1:31,29.0,88
2021/07/03 1:32,29.0,87
2021/07/03 1:33,29.0,87
2021/07/03 1:34,29.0,87
2021/07/03 1:35,29.1,87
2021/07/03 1:36,29.1,87
2021/07/03 1:37,29.1,87
2021/07/03 1:38,29.1,87
2021/07/03 1:39,29.1,87
2021/07/03 1:40,29.1,87
2021/07/03 1:41,29.1,87
2021/07/03 1:42,29.1,87
2021/07/03 1:43,29.1,87
2021/07/03 1:44,29.1,87
2021/07/03 1:45,29.1,87
2021/07/03 1:46,29.1,87
2021/07/03 1:47,29.1,87
2021/07/03 1:48,29.1,86
2021/07/03 1:49,29.1,86
2021/07/03 1:50,29.1,86
2021/07/03 1:51,29.1,87
2021/07/03 1:52,29.1,87
2021/07/03 1:53,29.0,87
2021/07/03 1:54,29.0,87
2021/07/03 1:55,29.0,87
2021/07/03 1:56,29.0,87
2021/07/03 1:57,29.0,87
2021/07/03 1:58,29.0,87
2021/07/03 1:59,29.0,87
2021/07/03 2:00,29.0,87
2021/07/03 2:01,28.9,87
2021/07/03 2:02,28.9,87
2021/07/03 2:03,28.9,87
2021/07/03 2:04,28.9,87
2021/07/03 2:05,28.9,87
2021/07/03 2:06,28.9,87
2021/07/03 2:07,28.9,87
2021/07/03 2:08,28.9,87
2021/07/03 2:09,28.9,87
2021/07/03 2:10,28.9,88
2021/07/03 2:11,28.9,88
2021/07/03 2:12,28.9,88
2021/07/03 2:13,28.9,88
2021/07/03 2:14,28.9,88
2021/07/03 2:15,28.8,88
2021/07/03 2:16,28.9,88
2021/07/03 2:17,28.8,88
2021/07/03 2:18,28.9,88
2021/07/03 2:19,28.9,88
2021/07/03 2:20,28.9,88
2021/07/03 2:21,28.8,88
2021/07/03 2:22,28.8,89
2021/07/03 2:23,28.8,88
2021/07/03 2:24,28.8,89
2021/07/03 2:25,28.8,89
2021/07/03 2:26,28.8,89
2021/07/03 2:27,28.8,89
2021/07/03 2:28,28.8,89
2021/07/03 2:29,28.8,89
2021/07/03 2:30,28.8,89
2021/07/03 2:31,28.8,89
2021/07/03 2:32,28.8,89
2021/07/03 2:33,28.8,89
2021/07/03 2:34,28.8,89
2021/07/03 2:35,28.8,89
2021/07/03 2:36,28.8,89
2021/07/03 2:37,28.8,89
2021/07/03 2:38,28.8,89
2021/07/03 2:39,28.8,89
2021/07/03 2:40,28.8,89
2021/07/03 2:41,28.8,89
2021/07/03 2:42,28.8,89
2021/07/03 2:43,28.8,89
2021/07/03 2:44,28.8,89
2021/07/03 2:45,28.8,89
2021/07/03 2:46,28.8,89
2021/07/03 2:47,28.9,89
2021/07/03 2:48,28.9,88
2021/07/03 2:49,28.9,88
2021/07/03 2:50,28.9,88
2021/07/03 2:51,29.0,88
2021/07/03 2:52,29.0,88
2021/07/03 2:53,29.0,88
2021/07/03 2:54,28.9,88
2021/07/03 2:55,28.9,88
2021/07/03 2:56,28.9,88
2021/07/03 2:57,28.9,88
2021/07/03 2:58,28.9,88
2021/07/03 2:59,28.9,88
2021/07/03 3:00,28.9,88
2021/07/03 3:01,29.0,88
2021/07/03 3:02,29.0,87
2021/07/03 3:03,29.0,87
2021/07/03 3:04,29.0,87
2021/07/03 3:05,29.0,87
2021/07/03 3:06,29.0,87
2021/07/03 3:07,29.0,87
2021/07/03 3:08,29.0,87
2021/07/03 3:09,29.0,87
2021/07/03 3:10,29.0,87
2021/07/03 3:11,29.0,87
2021/07/03 3:12,29.0,86
2021/07/03 3:13,29.1,86
2021/07/03 3:14,29.1,86
2021/07/03 3:15,29.1,86
2021/07/03 3:16,29.1,87
2021/07/03 3:17,29.1,87
2021/07/03 3:18,29.1,86
2021/07/03 3:19,29.1,86
2021/07/03 3:20,29.1,87
2021/07/03 3:21,29.1,87
2021/07/03 3:22,29.1,87
2021/07/03 3:23,29.0,87
2021/07/03 3:24,29.0,87
2021/07/03 3:25,29.0,87
2021/07/03 3:26,29.0,87
2021/07/03 3:27,29.0,87
2021/07/03 3:28,29.0,87
2021/07/03 3:29,29.0,87
2021/07/03 3:30,29.0,87
2021/07/03 3:31,29.0,87
2021/07/03 3:32,29.0,87
2021/07/03 3:33,29.0,87
2021/07/03 3:34,29.0,87
2021/07/03 3:35,28.9,87
2021/07/03 3:36,28.9,87
2021/07/03 3:37,28.9,87
2021/07/03 3:38,28.9,87
2021/07/03 3:39,28.9,88
2021/07/03 3:40,28.9,88
2021/07/03 3:41,28.8,88
2021/07/03 3:42,28.8,88
2021/07/03 3:43,28.8,88
2021/07/03 3:44,28.7,88
2021/07/03 3:45,28.7,88
2021/07/03 3:46,28.7,89
2021/07/03 3:47,28.7,89
2021/07/03 3:48,28.7,89
2021/07/03 3:49,28.7,89
2021/07/03 3:50,28.7,89
2021/07/03 3:51,28.7,89
2021/07/03 3:52,28.6,89
2021/07/03 3:53,28.6,89
2021/07/03 3:54,28.6,89
2021/07/03 3:55,28.6,89
2021/07/03 3:56,28.6,89
2021/07/03 3:57,28.6,89
2021/07/03 3:58,28.6,89
2021/07/03 3:59,28.6,89
2021/07/03 4:00,28.6,89
2021/07/03 4:01,28.6,89
2021/07/03 4:02,28.6,89
2021/07/03 4:03,28.6,89
2021/07/03 4:04,28.6,89
2021/07/03 4:05,28.6,89
2021/07/03 4:06,28.6,89
2021/07/03 4:07,28.5,89
2021/07/03 4:08,28.6,89
2021/07/03 4:09,28.6,89
2021/07/03 4:10,28.6,89
2021/07/03 4:11,28.6,89
2021/07/03 4:12,28.6,89
2021/07/03 4:13,28.6,89
2021/07/03 4:14,28.6,89
2021/07/03 4:15,28.6,89
2021/07/03 4:16,28.6,89
2021/07/03 4:17,28.6,89
2021/07/03 4:18,28.6,89
2021/07/03 4:19,28.6,89
2021/07/03 4:20,28.6,89
2021/07/03 4:21,28.6,89
2021/07/03 4:22,28.6,89
2021/07/03 4:23,28.5,89
2021/07/03 4:24,28.5,89
2021/07/03 4:25,28.5,89
2021/07/03 4:26,28.5,89
2021/07/03 4:27,28.5,89
2021/07/03 4:28,28.5,89
2021/07/03 4:29,28.5,89
2021/07/03 4:30,28.5,89
2021/07/03 4:31,28.5,89
2021/07/03 4:32,28.5,89
2021/07/03 4:33,28.5,89
2021/07/03 4:34,28.5,89
2021/07/03 4:35,28.5,89
2021/07/03 4:36,28.5,89
2021/07/03 4:37,28.5,89
2021/07/03 4:38,28.5,89
2021/07/03 4:39,28.5,89
2021/07/03 4:40,28.5,89
2021/07/03 4:41,28.5,89
2021/07/03 4:42,28.5,89
2021/07/03 4:43,28.5,89
2021/07/03 4:44,28.5,89
2021/07/03 4:45,28.5,89
2021/07/03 4:46,28.5,89
2021/07/03 4:47,28.5,89
2021/07/03 4:48,28.5,89
2021/07/03 4:49,28.5,89
2021/07/03 4:50,28.5,89
2021/07/03 4:51,28.5,89
2021/07/03 4:52,28.5,89
2021/07/03 4:53,28.5,89
2021/07/03 4:54,28.5,89
2021/07/03 4:55,28.5,89
2021/07/03 4:56,28.5,89
2021/07/03 4:57,28.5,89
2021/07/03 4:58,28.5,89
2021/07/03 4:59,28.5,89
2021/07/03 5:00,28.5,89
2021/07/03 5:01,28.5,89
2021/07/03 5:02,28.5,89
2021/07/03 5:03,28.5,89
2021/07/03 5:04,28.5,89
2021/07/03 5:05,28.5,89
2021/07/03 5:06,28.5,90
2021/07/03 5:07,28.5,90
2021/07/03 5:08,28.5,89
2021/07/03 5:09,28.5,89
2021/07/03 5:10,28.5,89
2021/07/03 5:11,28.5,89
2021/07/03 5:12,28.5,90
2021/07/03 5:13,28.5,90
2021/07/03 5:14,28.5,90
2021/07/03 5:15,28.5,89
2021/07/03 5:16,28.5,89
2021/07/03 5:17,28.5,89
2021/07/03 5:18,28.5,90
2021/07/03 5:19,28.5,90
2021/07/03 5:20,28.5,90
2021/07/03 5:21,28.5,90
2021/07/03 5:22,28.5,89
2021/07/03 5:23,28.6,89
2021/07/03 5:24,28.6,90
2021/07/03 5:25,28.6,90
2021/07/03 5:26,28.6,89
2021/07/03 5:27,28.6,89
2021/07/03 5:28,28.6,89
2021/07/03 5:29,28.6,89
2021/07/03 5:30,28.6,89
2021/07/03 5:31,28.6,89
2021/07/03 5:32,28.6,89
2021/07/03 5:33,28.6,89
2021/07/03 5:34,28.6,89
2021/07/03 5:35,28.6,89
2021/07/03 5:36,28.6,89
2021/07/03 5:37,28.6,89
2021/07/03 5:38,28.6,89
2021/07/03 5:39,28.6,89
2021/07/03 5:40,28.6,89
2021/07/03 5:41,28.6,89
2021/07/03 5:42,28.6,89
2021/07/03 5:43,28.6,89
2021/07/03 5:44,28.6,90
2021/07/03 5:45,28.6,90
2021/07/03 5:46,28.6,90
2021/07/03 5:47,28.6,89
2021/07/03 5:48,28.6,89
2021/07/03 5:49,28.6,90
2021/07/03 5:50,28.6,90
2021/07/03 5:51,28.6,91
2021/07/03 5:52,28.5,91
2021/07/03 5:53,28.5,91
2021/07/03 5:54,28.5,92
2021/07/03 5:55,28.5,92
2021/07/03 5:56,28.5,92
2021/07/03 5:57,28.4,92
2021/07/03 5:58,28.4,92
2021/07/03 5:59,28.4,93
2021/07/03 6:00,28.4,93
2021/07/03 6:01,28.4,93
2021/07/03 6:02,28.3,93
2021/07/03 6:03,28.3,93
2021/07/03 6:04,28.3,93
2021/07/03 6:05,28.3,93
2021/07/03 6:06,28.2,93
2021/07/03 6:07,28.2,93
2021/07/03 6:08,28.2,93
2021/07/03 6:09,28.2,94
2021/07/03 6:10,28.2,94
2021/07/03 6:11,28.2,94
2021/07/03 6:12,28.2,94
2021/07/03 6:13,28.2,94
2021/07/03 6:14,28.2,94
2021/07/03 6:15,28.2,94
2021/07/03 6:16,28.2,94
2021/07/03 6:17,28.2,94
2021/07/03 6:18,28.2,94
2021/07/03 6:19,28.2,94
2021/07/03 6:20,28.2,94
2021/07/03 6:21,28.2,94
2021/07/03 6:22,28.2,94
2021/07/03 6:23,28.2,94
2021/07/03 6:24,28.2,94
2021/07/03 6:25,28.2,95
2021/07/03 6:26,28.3,95
2021/07/03 6:27,28.3,95
2021/07/03 6:28,28.3,95
2021/07/03 6:29,28.2,95
2021/07/03 6:30,28.2,94
2021/07/03 6:31,28.2,94
2021/07/03 6:32,28.2,95
2021/07/03 6:33,28.2,94
2021/07/03 6:34,28.3,94
2021/07/03 6:35,28.3,95
2021/07/03 6:36,28.3,95
2021/07/03 6:37,28.3,95
2021/07/03 6:38,28.3,95
2021/07/03 6:39,28.3,95
2021/07/03 6:40,28.3,95
2021/07/03 6:41,28.2,95
2021/07/03 6:42,28.2,95
2021/07/03 6:43,28.2,95
2021/07/03 6:44,28.2,94
2021/07/03 6:45,28.2,94
2021/07/03 6:46,28.2,94
2021/07/03 6:47,28.2,94
2021/07/03 6:48,28.2,94
2021/07/03 6:49,28.3,95
2021/07/03 6:50,28.3,95
2021/07/03 6:51,28.3,95
2021/07/03 6:52,28.3,95
2021/07/03 6:53,28.2,95
2021/07/03 6:54,28.2,95
2021/07/03 6:55,28.2,95
2021/07/03 6:56,28.3,95
2021/07/03 6:57,28.3,95
2021/07/03 6:58,28.3,95
2021/07/03 6:59,28.3,95
2021/07/03 7:00,28.3,95
2021/07/03 7:01,28.3,95
2021/07/03 7:02,28.3,95
2021/07/03 7:03,28.3,95
2021/07/03 7:04,28.3,95
2021/07/03 7:05,28.3,95
2021/07/03 7:06,28.3,95
2021/07/03 7:07,28.3,95
2021/07/03 7:08,28.3,95
2021/07/03 7:09,28.3,94
2021/07/03 7:10,28.3,94
2021/07/03 7:11,28.3,94
2021/07/03 7:12,28.4,94
2021/07/03 7:13,28.4,94
2021/07/03 7:14,28.4,94
2021/07/03 7:15,28.4,94
2021/07/03 7:16,28.4,94
2021/07/03 7:17,28.4,94
2021/07/03 7:18,28.5,94
2021/07/03 7:19,28.5,94
2021/07/03 7:20,28.5,94
2021/07/03 7:21,28.5,94
2021/07/03 7:22,28.5,94
2021/07/03 7:23,28.5,94
2021/07/03 7:24,28.5,94
2021/07/03 7:25,28.5,94
2021/07/03 7:26,28.5,94
2021/07/03 7:27,28.5,95
2021/07/03 7:28,28.5,94
2021/07/03 7:29,28.5,94
2021/07/03 7:30,28.5,94
2021/07/03 7:31,28.5,94
2021/07/03 7:32,28.6,94
2021/07/03 7:33,28.6,94
2021/07/03 7:34,28.6,94
2021/07/03 7:35,28.6,94
2021/07/03 7:36,28.7,94
2021/07/03 7:37,28.8,94
2021/07/03 7:38,28.8,94
2021/07/03 7:39,28.8,94
2021/07/03 7:40,28.9,93
2021/07/03 7:41,28.9,92
2021/07/03 7:42,29.0,92
2021/07/03 7:43,29.0,91
2021/07/03 7:44,29.1,93
2021/07/03 7:45,29.1,91
2021/07/03 7:46,29.2,91
2021/07/03 7:47,29.2,91
2021/07/03 7:48,29.2,91
2021/07/03 7:49,29.2,90
2021/07/03 7:50,29.2,89
2021/07/03 7:51,29.2,89
2021/07/03 7:52,29.2,90
2021/07/03 7:53,29.3,89
2021/07/03 7:54,29.3,90
2021/07/03 7:55,29.4,91
2021/07/03 7:56,29.4,89
2021/07/03 7:57,29.5,90
2021/07/03 7:58,29.5,89
2021/07/03 7:59,29.5,88
2021/07/03 8:00,29.5,88
2021/07/03 8:01,29.4,88
2021/07/03 8:02,29.5,88
2021/07/03 8:03,29.5,88
2021/07/03 8:04,29.5,88
2021/07/03 8:05,29.5,88
2021/07/03 8:06,29.5,88
2021/07/03 8:07,29.5,88
2021/07/03 8:08,29.5,88
2021/07/03 8:09,29.5,88
2021/07/03 8:10,29.5,88
2021/07/03 8:11,29.6,88
2021/07/03 8:12,29.7,88
2021/07/03 8:13,29.6,87
2021/07/03 8:14,29.6,86
2021/07/03 8:15,29.6,86
2021/07/03 8:16,29.6,87
2021/07/03 8:17,29.6,86
2021/07/03 8:18,29.6,87
2021/07/03 8:19,29.6,87
2021/07/03 8:20,29.6,88
2021/07/03 8:21,29.6,87
2021/07/03 8:22,29.6,87
2021/07/03 8:23,29.6,87
2021/07/03 8:24,29.6,87
2021/07/03 8:25,29.6,87
2021/07/03 8:26,29.6,86
2021/07/03 8:27,29.6,87
2021/07/03 8:28,29.7,87
2021/07/03 8:29,29.7,86
2021/07/03 8:30,29.8,87
2021/07/03 8:31,29.8,87
2021/07/03 8:32,29.8,87
2021/07/03 8:33,29.9,87
2021/07/03 8:34,29.9,86
2021/07/03 8:35,30.0,86
2021/07/03 8:36,30.0,85
2021/07/03 8:37,30.0,86
2021/07/03 8:38,30.0,86
2021/07/03 8:39,30.0,85
2021/07/03 8:40,29.9,85
2021/07/03 8:41,30.0,86
2021/07/03 8:42,30.0,86
2021/07/03 8:43,30.0,85
2021/07/03 8:44,30.1,86
2021/07/03 8:45,30.1,86
2021/07/03 8:46,30.1,85
2021/07/03 8:47,30.1,85
2021/07/03 8:48,30.2,86
2021/07/03 8:49,30.2,85
2021/07/03 8:50,30.2,85
2021/07/03 8:51,30.2,86
2021/07/03 8:52,30.2,85
2021/07/03 8:53,30.3,86
2021/07/03 8:54,30.4,85
2021/07/03 8:55,30.4,84
2021/07/03 8:56,30.4,84
2021/07/03 8:57,30.4,84
2021/07/03 8:58,30.3,83
2021/07/03 8:59,30.4,84
2021/07/03 9:00,30.4,83
2021/07/03 9:01,30.4,84
2021/07/03 9:02,30.4,84
2021/07/03 9:03,30.4,83
2021/07/03 9:04,30.4,83
2021/07/03 9:05,30.5,84
2021/07/03 9:06,30.5,84
2021/07/03 9:07,30.5,84
2021/07/03 9:08,30.4,82
2021/07/03 9:09,30.4,84
2021/07/03 9:10,30.5,84
2021/07/03 9:11,30.6,83
2021/07/03 9:12,30.7,84
2021/07/03 9:13,30.7,83
2021/07/03 9:14,30.7,83
2021/07/03 9:15,30.7,83
2021/07/03 9:16,30.7,82
2021/07/03 9:17,30.7,83
2021/07/03 9:18,30.7,83
2021/07/03 9:19,30.7,82
2021/07/03 9:20,30.6,83
2021/07/03 9:21,30.6,83
2021/07/03 9:22,30.6,83
2021/07/03 9:23,30.7,83
2021/07/03 9:24,30.6,82
2021/07/03 9:25,30.6,84
2021/07/03 9:26,30.7,83
2021/07/03 9:27,30.8,84
2021/07/03 9:28,30.9,82
2021/07/03 9:29,31.0,82
2021/07/03 9:30,31.0,82
2021/07/03 9:31,31.0,81
2021/07/03 9:32,31.1,82
2021/07/03 9:33,31.1,81
2021/07/03 9:34,31.0,81
2021/07/03 9:35,30.9,81
2021/07/03 9:36,30.8,81
2021/07/03 9:37,30.7,82
2021/07/03 9:38,30.7,82
2021/07/03 9:39,30.7,83
2021/07/03 9:40,30.8,83
2021/07/03 9:41,30.9,83
2021/07/03 9:42,30.9,83
2021/07/03 9:43,30.9,82
2021/07/03 9:44,30.8,82
2021/07/03 9:45,30.9,83
2021/07/03 9:46,30.8,82
2021/07/03 9:47,30.8,82
2021/07/03 9:48,30.7,82
2021/07/03 9:49,30.7,82
2021/07/03 9:50,30.7,82
2021/07/03 9:51,30.7,83
2021/07/03 9:52,30.7,82
2021/07/03 9:53,30.7,82
2021/07/03 9:54,30.6,82
2021/07/03 9:55,30.7,84
2021/07/03 9:56,30.6,83
2021/07/03 9:57,30.7,84
2021/07/03 9:58,30.8,82
2021/07/03 9:59,30.8,82
2021/07/03 10:00,30.8,82
2021/07/03 10:01,30.8,82
2021/07/03 10:02,30.8,82
2021/07/03 10:03,30.8,81
2021/07/03 10:04,30.7,82
2021/07/03 10:05,30.8,83
2021/07/03 10:06,30.9,82
2021/07/03 10:07,30.9,82
2021/07/03 10:08,30.9,82
2021/07/03 10:09,30.9,82
2021/07/03 10:10,30.9,82
2021/07/03 10:11,31.1,82
2021/07/03 10:12,31.1,81
2021/07/03 10:13,31.1,82
2021/07/03 10:14,31.2,81
2021/07/03 10:15,31.0,80
2021/07/03 10:16,30.9,81
2021/07/03 10:17,30.9,82
2021/07/03 10:18,31.0,82
2021/07/03 10:19,30.9,82
2021/07/03 10:20,31.0,82
2021/07/03 10:21,31.0,82
2021/07/03 10:22,30.9,81
2021/07/03 10:23,30.8,82
2021/07/03 10:24,30.8,82
2021/07/03 10:25,30.7,81
2021/07/03 10:26,30.6,82
2021/07/03 10:27,30.5,82
2021/07/03 10:28,30.5,82
2021/07/03 10:29,30.5,83
2021/07/03 10:30,30.6,83
2021/07/03 10:31,30.6,82
2021/07/03 10:32,30.6,82
2021/07/03 10:33,30.6,83
2021/07/03 10:34,30.7,82
2021/07/03 10:35,30.7,82
2021/07/03 10:36,30.6,82
2021/07/03 10:37,30.6,82
2021/07/03 10:38,30.6,82
2021/07/03 10:39,30.7,83
2021/07/03 10:40,30.7,82
2021/07/03 10:41,30.7,81
2021/07/03 10:42,30.7,82
2021/07/03 10:43,30.7,83
2021/07/03 10:44,30.8,82
2021/07/03 10:45,30.9,83
2021/07/03 10:46,30.9,81
2021/07/03 10:47,31.0,81
2021/07/03 10:48,31.1,81
2021/07/03 10:49,31.2,82
2021/07/03 10:50,31.2,81
2021/07/03 10:51,31.2,80
2021/07/03 10:52,31.2,81
2021/07/03 10:53,31.1,80
2021/07/03 10:54,31.1,80
2021/07/03 10:55,31.1,82
2021/07/03 10:56,31.2,81
2021/07/03 10:57,31.3,81
2021/07/03 10:58,31.3,80
2021/07/03 10:59,31.3,81
2021/07/03 11:00,31.3,81
2021/07/03 11:01,31.3,81
2021/07/03 11:02,31.3,81
2021/07/03 11:03,31.3,80
2021/07/03 11:04,31.3,81
2021/07/03 11:05,31.3,80
2021/07/03 11:06,31.3,80
2021/07/03 11:07,31.3,80
2021/07/03 11:08,31.2,80
2021/07/03 11:09,31.1,81
2021/07/03 11:10,31.1,81
2021/07/03 11:11,31.2,82
2021/07/03 11:12,31.3,82
2021/07/03 11:13,31.4,81
2021/07/03 11:14,31.4,80
2021/07/03 11:15,31.3,80
2021/07/03 11:16,31.3,81
2021/07/03 11:17,31.2,81
2021/07/03 11:18,31.2,81
2021/07/03 11:19,31.2,80
2021/07/03 11:20,31.2,81
2021/07/03 11:21,31.3,81
2021/07/03 11:22,31.4,83
2021/07/03 11:23,31.6,81
2021/07/03 11:24,31.6,80
2021/07/03 11:25,31.7,81
2021/07/03 11:26,31.7,80
2021/07/03 11:27,31.8,79
2021/07/03 11:28,31.8,79
2021/07/03 11:29,31.9,79
2021/07/03 11:30,31.9,80
2021/07/03 11:31,31.8,78
2021/07/03 11:32,31.8,79
2021/07/03 11:33,31.7,79
2021/07/03 11:34,31.6,79
2021/07/03 11:35,31.6,80
2021/07/03 11:36,31.6,80
2021/07/03 11:37,31.6,80
2021/07/03 11:38,31.5,79
2021/07/03 11:39,31.4,81
2021/07/03 11:40,31.4,81
2021/07/03 11:41,31.4,82
2021/07/03 11:42,31.5,82
2021/07/03 11:43,31.6,81
2021/07/03 11:44,31.5,81
2021/07/03 11:45,31.6,81
2021/07/03 11:46,31.6,81
2021/07/03 11:47,31.6,82
2021/07/03 11:48,31.7,81
2021/07/03 11:49,31.7,80
2021/07/03 11:50,31.6,80
2021/07/03 11:51,31.6,81
2021/07/03 11:52,31.6,81
2021/07/03 11:53,31.6,80
2021/07/03 11:54,31.6,81
2021/07/03 11:55,31.7,82
2021/07/03 11:56,31.8,80
2021/07/03 11:57,31.7,80
2021/07/03 11:58,31.6,80
2021/07/03 11:59,31.6,81
2021/07/03 12:00,31.6,80
2021/07/03 12:01,31.5,80
2021/07/03 12:02,31.6,81
2021/07/03 12:03,31.5,80
2021/07/03 12:04,31.5,80
2021/07/03 12:05,31.4,81
2021/07/03 12:06,31.5,82
2021/07/03 12:07,31.6,81
2021/07/03 12:08,31.7,81
2021/07/03 12:09,31.7,81
2021/07/03 12:10,31.7,81
2021/07/03 12:11,31.8,81
2021/07/03 12:12,31.8,80
2021/07/03 12:13,31.8,81
2021/07/03 12:14,31.8,80
2021/07/03 12:15,31.8,80
2021/07/03 12:16,31.8,80
2021/07/03 12:17,31.7,79
2021/07/03 12:18,31.7,79
2021/07/03 12:19,31.7,80
2021/07/03 12:20,31.7,80
2021/07/03 12:21,31.8,80
2021/07/03 12:22,31.8,79
2021/07/03 12:23,31.9,79
2021/07/03 12:24,32.0,79
2021/07/03 12:25,31.9,77
2021/07/03 12:26,31.8,77
2021/07/03 12:27,31.9,77
2021/07/03 12:28,32.0,79
2021/07/03 12:29,31.9,77
2021/07/03 12:30,31.9,79
2021/07/03 12:31,31.9,78
2021/07/03 12:32,31.8,77
2021/07/03 12:33,31.8,78
2021/07/03 12:34,31.7,78
2021/07/03 12:35,31.7,79
2021/07/03 12:36,31.7,80
2021/07/03 12:37,31.8,80
2021/07/03 12:38,31.9,79
2021/07/03 12:39,32.0,80
2021/07/03 12:40,31.9,77
2021/07/03 12:41,31.8,78
2021/07/03 12:42,31.7,79
2021/07/03 12:43,31.8,78
2021/07/03 12:44,31.8,78
2021/07/03 12:45,31.8,78
2021/07/03 12:46,31.8,78
2021/07/03 12:47,31.8,77
2021/07/03 12:48,31.8,77
2021/07/03 12:49,31.8,77
2021/07/03 12:50,31.8,77
2021/07/03 12:51,31.8,77
2021/07/03 12:52,31.7,77
2021/07/03 12:53,31.7,76
2021/07/03 12:54,31.7,77
2021/07/03 12:55,31.7,77
2021/07/03 12:56,31.7,78
2021/07/03 12:57,31.8,79
2021/07/03 12:58,31.8,78
2021/07/03 12:59,31.8,78
2021/07/03 13:00,31.7,77
2021/07/03 13:01,31.7,78
2021/07/03 13:02,31.7,79
2021/07/03 13:03,31.8,80
2021/07/03 13:04,31.8,78
2021/07/03 13:05,31.8,78
2021/07/03 13:06,31.9,79
2021/07/03 13:07,31.9,79
2021/07/03 13:08,31.8,79
2021/07/03 13:09,31.9,79
2021/07/03 13:10,31.9,79
2021/07/03 13:11,32.0,79
2021/07/03 13:12,32.1,80
2021/07/03 13:13,32.1,78
2021/07/03 13:14,32.0,79
2021/07/03 13:15,32.1,78
2021/07/03 13:16,32.0,78
2021/07/03 13:17,32.1,79
2021/07/03 13:18,32.2,78
2021/07/03 13:19,32.2,77
2021/07/03 13:20,32.2,77
2021/07/03 13:21,32.2,77
2021/07/03 13:22,32.1,76
2021/07/03 13:23,32.1,77
2021/07/03 13:24,32.1,78
2021/07/03 13:25,32.1,77
2021/07/03 13:26,32.1,77
2021/07/03 13:27,32.2,78
2021/07/03 13:28,32.3,77
2021/07/03 13:29,32.2,75
2021/07/03 13:30,32.2,76
2021/07/03 13:31,32.1,77
2021/07/03 13:32,32.1,76
2021/07/03 13:33,32.0,77
2021/07/03 13:34,31.9,77
2021/07/03 13:35,31.8,78
2021/07/03 13:36,31.8,78
2021/07/03 13:37,31.9,79
2021/07/03 13:38,31.9,79
2021/07/03 13:39,31.9,77
2021/07/03 13:40,32.0,78
2021/07/03 13:41,31.9,77
2021/07/03 13:42,31.9,78
2021/07/03 13:43,31.9,78
2021/07/03 13:44,31.9,79
2021/07/03 13:45,32.0,79
2021/07/03 13:46,32.0,78
2021/07/03 13:47,32.1,78
2021/07/03 13:48,32.1,78
2021/07/03 13:49,32.1,78
2021/07/03 13:50,32.1,77
2021/07/03 13:51,32.1,79
2021/07/03 13:52,32.2,77
2021/07/03 13:53,32.3,78
2021/07/03 13:54,32.3,77
2021/07/03 13:55,32.3,77
2021/07/03 13:56,32.3,76
2021/07/03 13:57,32.2,77
2021/07/03 13:58,32.2,77
2021/07/03 13:59,32.2,77
2021/07/03 14:00,32.2,77
2021/07/03 14:01,32.1,77
2021/07/03 14:02,32.1,76
2021/07/03 14:03,32.1,77
2021/07/03 14:04,32.1,77
2021/07/03 14:05,32.0,77
2021/07/03 14:06,32.0,77
2021/07/03 14:07,32.0,78
2021/07/03 14:08,32.1,77
2021/07/03 14:09,32.1,77
2021/07/03 14:10,32.1,77
2021/07/03 14:11,32.1,77
2021/07/03 14:12,32.2,78
2021/07/03 14:13,32.1,76
2021/07/03 14:14,32.1,78
2021/07/03 14:15,32.1,77
2021/07/03 14:16,32.0,77
2021/07/03 14:17,32.0,77
2021/07/03 14:18,32.1,77
2021/07/03 14:19,32.0,77
2021/07/03 14:20,32.0,77
2021/07/03 14:21,32.0,76
2021/07/03 14:22,32.0,78
2021/07/03 14:23,32.1,77
2021/07/03 14:24,32.1,76
2021/07/03 14:25,32.3,78
2021/07/03 14:26,32.3,76
2021/07/03 14:27,32.3,76
2021/07/03 14:28,32.3,76
2021/07/03 14:29,32.2,75
2021/07/03 14:30,32.2,77
2021/07/03 14:31,32.2,76
2021/07/03 14:32,32.1,76
2021/07/03 14:33,32.2,77
2021/07/03 14:34,32.1,76
2021/07/03 14:35,32.0,77
2021/07/03 14:36,32.0,77
2021/07/03 14:37,32.1,78
2021/07/03 14:38,32.1,78
2021/07/03 14:39,32.1,78
2021/07/03 14:40,32.1,76
2021/07/03 14:41,32.0,77
2021/07/03 14:42,32.0,77
2021/07/03 14:43,32.0,77
2021/07/03 14:44,32.1,77
2021/07/03 14:45,32.1,76
2021/07/03 14:46,32.0,76
2021/07/03 14:47,32.0,77
2021/07/03 14:48,32.0,76
2021/07/03 14:49,31.9,77
2021/07/03 14:50,31.9,77
2021/07/03 14:51,31.8,77
2021/07/03 14:52,31.8,77
2021/07/03 14:53,31.7,78
2021/07/03 14:54,31.8,78
2021/07/03 14:55,31.7,77
2021/07/03 14:56,31.7,78
2021/07/03 14:57,31.9,78
2021/07/03 14:58,31.9,78
2021/07/03 14:59,31.9,77
2021/07/03 15:00,31.9,77
2021/07/03 15:01,31.9,78
2021/07/03 15:02,32.0,78
2021/07/03 15:03,32.0,78
2021/07/03 15:04,32.1,78
2021/07/03 15:05,32.1,77
2021/07/03 15:06,32.0,77
2021/07/03 15:07,31.9,77
2021/07/03 15:08,31.8,77
2021/07/03 15:09,31.8,78
2021/07/03 15:10,31.8,78
2021/07/03 15:11,31.8,78
2021/07/03 15:12,31.7,78
2021/07/03 15:13,31.6,78
2021/07/03 15:14,31.4,79
2021/07/03 15:15,31.4,79
2021/07/03 15:16,31.5,80
2021/07/03 15:17,31.5,79
2021/07/03 15:18,31.6,79
2021/07/03 15:19,31.7,79
2021/07/03 15:20,31.7,78
2021/07/03 15:21,31.6,78
2021/07/03 15:22,31.5,78
2021/07/03 15:23,31.5,77
2021/07/03 15:24,31.3,78
2021/07/03 15:25,31.3,79
2021/07/03 15:26,31.2,79
2021/07/03 15:27,31.2,80
2021/07/03 15:28,31.2,80
2021/07/03 15:29,31.1,80
2021/07/03 15:30,31.1,80
2021/07/03 15:31,31.1,81
2021/07/03 15:32,31.2,80
2021/07/03 15:33,31.3,79
2021/07/03 15:34,31.4,79
2021/07/03 15:35,31.5,78
2021/07/03 15:36,31.5,80
2021/07/03 15:37,31.5,78
2021/07/03 15:38,31.5,78
2021/07/03 15:39,31.5,79
2021/07/03 15:40,31.5,79
2021/07/03 15:41,31.5,80
2021/07/03 15:42,31.5,79
2021/07/03 15:43,31.5,79
2021/07/03 15:44,31.6,80
2021/07/03 15:45,31.7,78
2021/07/03 15:46,31.5,78
2021/07/03 15:47,31.4,78
2021/07/03 15:48,31.3,79
2021/07/03 15:49,31.3,80
2021/07/03 15:50,31.2,79
2021/07/03 15:51,31.2,80
2021/07/03 15:52,31.1,80
2021/07/03 15:53,31.0,80
2021/07/03 15:54,31.1,81
2021/07/03 15:55,31.1,81
2021/07/03 15:56,31.3,82
2021/07/03 15:57,31.5,80
2021/07/03 15:58,31.5,78
2021/07/03 15:59,31.5,79
2021/07/03 16:00,31.6,79
2021/07/03 16:01,31.5,78
2021/07/03 16:02,31.4,78
2021/07/03 16:03,31.4,79
2021/07/03 16:04,31.3,79
2021/07/03 16:05,31.3,79
2021/07/03 16:06,31.3,79
2021/07/03 16:07,31.2,79
2021/07/03 16:08,31.1,79
2021/07/03 16:09,31.1,80
2021/07/03 16:10,31.1,81
2021/07/03 16:11,31.0,80
2021/07/03 16:12,30.9,80
2021/07/03 16:13,30.9,81
2021/07/03 16:14,30.8,80
2021/07/03 16:15,30.7,80
2021/07/03 16:16,30.7,81
2021/07/03 16:17,30.7,81
2021/07/03 16:18,30.6,81
2021/07/03 16:19,30.5,82
2021/07/03 16:20,30.5,82
2021/07/03 16:21,30.5,82
2021/07/03 16:22,30.5,82
2021/07/03 16:23,30.4,82
2021/07/03 16:24,30.5,83
2021/07/03 16:25,30.5,82
2021/07/03 16:26,30.4,82
2021/07/03 16:27,30.4,82
2021/07/03 16:28,30.4,83
2021/07/03 16:29,30.4,83
2021/07/03 16:30,30.4,83
2021/07/03 16:31,30.4,83
2021/07/03 16:32,30.4,83
2021/07/03 16:33,30.4,83
2021/07/03 16:34,30.4,83
2021/07/03 16:35,30.4,83
2021/07/03 16:36,30.4,83
2021/07/03 16:37,30.5,83
2021/07/03 16:38,30.4,83
2021/07/03 16:39,30.5,82
2021/07/03 16:40,30.5,83
2021/07/03 16:41,30.5,83
2021/07/03 16:42,30.5,83
2021/07/03 16:43,30.4,83
2021/07/03 16:44,30.5,83
2021/07/03 16:45,30.5,83
2021/07/03 16:46,30.4,83
2021/07/03 16:47,30.4,84
2021/07/03 16:48,30.5,84
2021/07/03 16:49,30.5,84
2021/07/03 16:50,30.5,84
2021/07/03 16:51,30.5,84
2021/07/03 16:52,30.5,84
2021/07/03 16:53,30.5,83
2021/07/03 16:54,30.4,84
2021/07/03 16:55,30.4,84
2021/07/03 16:56,30.4,84
2021/07/03 16:57,30.4,84
2021/07/03 16:58,30.4,84
2021/07/03 16:59,30.4,84
2021/07/03 17:00,30.4,85
2021/07/03 17:01,30.4,84
2021/07/03 17:02,30.3,84
2021/07/03 17:03,30.3,84
2021/07/03 17:04,30.4,85
2021/07/03 17:05,30.3,85
2021/07/03 17:06,30.3,85
2021/07/03 17:07,30.3,85
2021/07/03 17:08,30.3,85
2021/07/03 17:09,30.4,85
2021/07/03 17:10,30.3,85
2021/07/03 17:11,30.3,85
2021/07/03 17:12,30.3,85
2021/07/03 17:13,30.3,85
2021/07/03 17:14,30.3,85
2021/07/03 17:15,30.3,85
2021/07/03 17:16,30.3,85
2021/07/03 17:17,30.3,85
2021/07/03 17:18,30.3,85
2021/07/03 17:19,30.2,85
2021/07/03 17:20,30.2,85
2021/07/03 17:21,30.3,85
2021/07/03 17:22,30.2,85
2021/07/03 17:23,30.2,85
2021/07/03 17:24,30.2,85
2021/07/03 17:25,30.2,85
2021/07/03 17:26,30.3,85
2021/07/03 17:27,30.2,85
2021/07/03 17:28,30.3,86
2021/07/03 17:29,30.2,86
2021/07/03 17:30,30.2,86
2021/07/03 17:31,30.2,86
2021/07/03 17:32,30.2,86
2021/07/03 17:33,30.2,86
2021/07/03 17:34,30.3,86
2021/07/03 17:35,30.3,86
2021/07/03 17:36,30.3,86
2021/07/03 17:37,30.3,86
2021/07/03 17:38,30.2,85
2021/07/03 17:39,30.3,85
2021/07/03 17:40,30.3,86
2021/07/03 17:41,30.3,85
2021/07/03 17:42,30.4,85
2021/07/03 17:43,30.4,85
2021/07/03 17:44,30.4,85
2021/07/03 17:45,30.4,85
2021/07/03 17:46,30.4,85
2021/07/03 17:47,30.3,85
2021/07/03 17:48,30.3,85
2021/07/03 17:49,30.3,85
2021/07/03 17:50,30.3,85
2021/07/03 17:51,30.3,85
2021/07/03 17:52,30.3,85
2021/07/03 17:53,30.3,85
2021/07/03 17:54,30.2,85
2021/07/03 17:55,30.2,86
2021/07/03 17:56,30.2,86
2021/07/03 17:57,30.2,86
2021/07/03 17:58,30.2,86
2021/07/03 17:59,30.2,86
2021/07/03 18:00,30.2,86
2021/07/03 18:01,30.2,86
2021/07/03 18:02,30.2,86
2021/07/03 18:03,30.2,86
2021/07/03 18:04,30.2,86
2021/07/03 18:05,30.1,86
2021/07/03 18:06,30.1,85
2021/07/03 18:07,30.1,85
2021/07/03 18:08,30.1,85
2021/07/03 18:09,30.1,85
2021/07/03 18:10,30.0,85
2021/07/03 18:11,30.1,85
2021/07/03 18:12,30.1,85
2021/07/03 18:13,30.0,85
2021/07/03 18:14,30.0,85
2021/07/03 18:15,30.0,85
2021/07/03 18:16,30.1,85
2021/07/03 18:17,30.1,86
2021/07/03 18:18,30.1,86
2021/07/03 18:19,30.1,85
2021/07/03 18:20,30.1,85
2021/07/03 18:21,30.1,85
2021/07/03 18:22,30.2,85
2021/07/03 18:23,30.2,85
2021/07/03 18:24,30.1,85
2021/07/03 18:25,30.1,85
2021/07/03 18:26,30.1,85
2021/07/03 18:27,30.1,85
2021/07/03 18:28,30.1,85
2021/07/03 18:29,30.1,84
2021/07/03 18:30,30.1,85
2021/07/03 18:31,30.1,85
2021/07/03 18:32,30.1,84
2021/07/03 18:33,30.1,85
2021/07/03 18:34,30.1,85
2021/07/03 18:35,30.1,85
2021/07/03 18:36,30.1,85
2021/07/03 18:37,30.1,85
2021/07/03 18:38,30.1,85
2021/07/03 18:39,30.1,85
2021/07/03 18:40,30.1,85
2021/07/03 18:41,30.1,85
2021/07/03 18:42,30.1,85
2021/07/03 18:43,30.1,85
2021/07/03 18:44,30.1,85
2021/07/03 18:45,30.1,85
2021/07/03 18:46,30.1,85
2021/07/03 18:47,30.0,86
2021/07/03 18:48,30.0,86
2021/07/03 18:49,30.0,86
2021/07/03 18:50,30.0,86
2021/07/03 18:51,30.0,86
2021/07/03 18:52,30.0,86
2021/07/03 18:53,30.0,85
2021/07/03 18:54,30.0,85
2021/07/03 18:55,30.0,85
2021/07/03 18:56,30.0,85
2021/07/03 18:57,29.9,85
2021/07/03 18:58,29.9,85
2021/07/03 18:59,29.9,86
2021/07/03 19:00,29.9,86
2021/07/03 19:01,29.9,86
2021/07/03 19:02,29.9,86
2021/07/03 19:03,29.9,86
2021/07/03 19:04,29.9,86
2021/07/03 19:05,29.9,86
2021/07/03 19:06,29.9,86
2021/07/03 19:07,29.9,86
2021/07/03 19:08,29.9,86
2021/07/03 19:09,29.9,86
2021/07/03 19:10,29.9,86
2021/07/03 19:11,29.8,86
2021/07/03 19:12,29.8,86
2021/07/03 19:13,29.8,86
2021/07/03 19:14,29.8,86
2021/07/03 19:15,29.8,85
2021/07/03 19:16,29.8,85
2021/07/03 19:17,29.9,85
2021/07/03 19:18,29.9,85
2021/07/03 19:19,29.9,85
2021/07/03 19:20,29.9,85
2021/07/03 19:21,29.9,85
2021/07/03 19:22,29.8,85
2021/07/03 19:23,29.8,85
2021/07/03 19:24,29.8,85
2021/07/03 19:25,29.8,85
2021/07/03 19:26,29.8,85
2021/07/03 19:27,29.8,85
2021/07/03 19:28,29.8,85
2021/07/03 19:29,29.9,85
2021/07/03 19:30,29.9,85
2021/07/03 19:31,29.9,85
2021/07/03 19:32,29.9,85
2021/07/03 19:33,29.9,85
2021/07/03 19:34,29.9,85
2021/07/03 19:35,29.9,86
2021/07/03 19:36,29.9,86
2021/07/03 19:37,29.9,86
2021/07/03 19:38,29.9,86
2021/07/03 19:39,29.9,86
2021/07/03 19:40,29.9,86
2021/07/03 19:41,30.0,85
2021/07/03 19:42,30.0,85
2021/07/03 19:43,30.0,85
2021/07/03 19:44,30.0,85
2021/07/03 19:45,30.0,85
2021/07/03 19:46,30.0,85
2021/07/03 19:47,30.0,85
2021/07/03 19:48,30.0,85
2021/07/03 19:49,30.0,85
2021/07/03 19:50,30.0,85
2021/07/03 19:51,30.0,85
2021/07/03 19:52,30.0,85
2021/07/03 19:53,29.9,86
2021/07/03 19:54,29.9,86
2021/07/03 19:55,29.9,86
2021/07/03 19:56,29.9,86
2021/07/03 19:57,29.9,86
2021/07/03 19:58,29.9,86
2021/07/03 19:59,29.9,86
2021/07/03 20:00,29.9,86
2021/07/03 20:01,29.9,86
2021/07/03 20:02,29.9,86
2021/07/03 20:03,29.9,87
2021/07/03 20:04,29.9,87
2021/07/03 20:05,29.9,87
2021/07/03 20:06,29.8,87
2021/07/03 20:07,29.8,87
2021/07/03 20:08,29.8,87
2021/07/03 20:09,29.8,87
2021/07/03 20:10,29.8,87
2021/07/03 20:11,29.8,87
2021/07/03 20:12,29.8,87
2021/07/03 20:13,29.8,87
2021/07/03 20:14,29.8,87
2021/07/03 20:15,29.8,87
2021/07/03 20:16,29.8,87
2021/07/03 20:17,29.8,87
2021/07/03 20:18,29.8,87
2021/07/03 20:19,29.8,87
2021/07/03 20:20,29.8,87
2021/07/03 20:21,29.8,87
2021/07/03 20:22,29.7,87
2021/07/03 20:23,29.7,87
2021/07/03 20:24,29.7,87
2021/07/03 20:25,29.7,87
2021/07/03 20:26,29.7,87
2021/07/03 20:27,29.7,87
2021/07/03 20:28,29.7,87
2021/07/03 20:29,29.7,87
2021/07/03 20:30,29.7,87
2021/07/03 20:31,29.7,87
2021/07/03 20:32,29.7,87
2021/07/03 20:33,29.6,87
2021/07/03 20:34,29.7,87
2021/07/03 20:35,29.7,87
2021/07/03 20:36,29.8,86
2021/07/03 20:37,29.8,86
2021/07/03 20:38,29.8,86
2021/07/03 20:39,29.8,86
2021/07/03 20:40,29.8,86
2021/07/03 20:41,29.9,86
2021/07/03 20:42,29.9,86
2021/07/03 20:43,29.9,86
2021/07/03 20:44,29.9,85
2021/07/03 20:45,29.9,85
2021/07/03 20:46,29.9,85
2021/07/03 20:47,29.9,85
2021/07/03 20:48,29.8,86
2021/07/03 20:49,29.8,86
2021/07/03 20:50,29.8,86
2021/07/03 20:51,29.8,86
2021/07/03 20:52,29.8,86
2021/07/03 20:53,29.7,87
2021/07/03 20:54,29.7,86
2021/07/03 20:55,29.7,86
2021/07/03 20:56,29.6,86
2021/07/03 20:57,29.6,87
2021/07/03 20:58,29.6,87
2021/07/03 20:59,29.5,87
2021/07/03 21:00,29.5,87
2021/07/03 21:01,29.5,87
2021/07/03 21:02,29.5,87
2021/07/03 21:03,29.5,87
2021/07/03 21:04,29.5,87
2021/07/03 21:05,29.5,87
2021/07/03 21:06,29.5,87
2021/07/03 21:07,29.5,87
2021/07/03 21:08,29.5,87
2021/07/03 21:09,29.5,87
2021/07/03 21:10,29.5,87
2021/07/03 21:11,29.5,87
2021/07/03 21:12,29.5,87
2021/07/03 21:13,29.5,87
2021/07/03 21:14,29.5,87
2021/07/03 21:15,29.5,87
2021/07/03 21:16,29.5,87
2021/07/03 21:17,29.5,87
2021/07/03 21:18,29.5,87
2021/07/03 21:19,29.5,87
2021/07/03 21:20,29.5,87
2021/07/03 21:21,29.5,87
2021/07/03 21:22,29.5,87
2021/07/03 21:23,29.5,87
2021/07/03 21:24,29.5,87
2021/07/03 21:25,29.5,87
2021/07/03 21:26,29.5,87
2021/07/03 21:27,29.5,87
2021/07/03 21:28,29.5,87
2021/07/03 21:29,29.5,87
2021/07/03 21:30,29.5,87
2021/07/03 21:31,29.5,87
2021/07/03 21:32,29.5,87
2021/07/03 21:33,29.5,87
2021/07/03 21:34,29.5,87
2021/07/03 21:35,29.5,87
2021/07/03 21:36,29.5,87
2021/07/03 21:37,29.4,87
2021/07/03 21:38,29.4,87
2021/07/03 21:39,29.5,87
2021/07/03 21:40,29.4,87
2021/07/03 21:41,29.5,87
2021/07/03 21:42,29.5,87
2021/07/03 21:43,29.5,87
2021/07/03 21:44,29.5,87
2021/07/03 21:45,29.5,87
2021/07/03 21:46,29.4,87
2021/07/03 21:47,29.4,87
2021/07/03 21:48,29.5,87
2021/07/03 21:49,29.5,87
2021/07/03 21:50,29.5,87
2021/07/03 21:51,29.5,87
2021/07/03 21:52,29.5,87
2021/07/03 21:53,29.5,87
2021/07/03 21:54,29.5,87
2021/07/03 21:55,29.4,88
2021/07/03 21:56,29.4,87
2021/07/03 21:57,29.4,87
2021/07/03 21:58,29.4,87
2021/07/03 21:59,29.4,87
2021/07/03 22:00,29.5,87
2021/07/03 22:01,29.5,87
2021/07/03 22:02,29.5,86
2021/07/03 22:03,29.6,86
2021/07/03 22:04,29.6,86
2021/07/03 22:05,29.6,86
2021/07/03 22:06,29.6,86
2021/07/03 22:07,29.6,86
2021/07/03 22:08,29.6,86
2021/07/03 22:09,29.6,86
2021/07/03 22:10,29.6,85
2021/07/03 22:11,29.6,85
2021/07/03 22:12,29.6,86
2021/07/03 22:13,29.6,86
2021/07/03 22:14,29.6,86
2021/07/03 22:15,29.6,86
2021/07/03 22:16,29.6,85
2021/07/03 22:17,29.6,86
2021/07/03 22:18,29.6,86
2021/07/03 22:19,29.5,85
2021/07/03 22:20,29.5,86
2021/07/03 22:21,29.5,86
2021/07/03 22:22,29.5,85
2021/07/03 22:23,29.5,86
2021/07/03 22:24,29.5,86
2021/07/03 22:25,29.4,86
2021/07/03 22:26,29.4,86
2021/07/03 22:27,29.4,86
2021/07/03 22:28,29.3,86
2021/07/03 22:29,29.3,86
2021/07/03 22:30,29.3,86
2021/07/03 22:31,29.3,86
2021/07/03 22:32,29.3,86
2021/07/03 22:33,29.3,86
2021/07/03 22:34,29.3,85
2021/07/03 22:35,29.3,85
2021/07/03 22:36,29.4,85
2021/07/03 22:37,29.4,85
2021/07/03 22:38,29.4,85
2021/07/03 22:39,29.3,85
2021/07/03 22:40,29.3,85
2021/07/03 22:41,29.3,85
2021/07/03 22:42,29.3,85
2021/07/03 22:43,29.3,85
2021/07/03 22:44,29.3,85
2021/07/03 22:45,29.3,85
2021/07/03 22:46,29.3,86
2021/07/03 22:47,29.3,86
2021/07/03 22:48,29.3,86
2021/07/03 22:49,29.3,86
2021/07/03 22:50,29.3,85
2021/07/03 22:51,29.3,86
2021/07/03 22:52,29.3,86
2021/07/03 22:53,29.3,86
2021/07/03 22:54,29.3,86
2021/07/03 22:55,29.3,86
2021/07/03 22:56,29.3,86
2021/07/03 22:57,29.3,86
2021/07/03 22:58,29.3,86
2021/07/03 22:59,29.3,86
2021/07/03 23:00,29.3,86
2021/07/03 23:01,29.3,86
2021/07/03 23:02,29.3,86
2021/07/03 23:03,29.3,86
2021/07/03 23:04,29.3,86
2021/07/03 23:05,29.3,87
2021/07/03 23:06,29.3,87
2021/07/03 23:07,29.3,87
2021/07/03 23:08,29.3,87
2021/07/03 23:09,29.3,87
2021/07/03 23:10,29.3,87
2021/07/03 23:11,29.3,87
2021/07/03 23:12,29.3,87
2021/07/03 23:13,29.3,87
2021/07/03 23:14,29.3,87
2021/07/03 23:15,29.3,87
2021/07/03 23:16,29.3,87
2021/07/03 23:17,29.3,87
2021/07/03 23:18,29.3,88
2021/07/03 23:19,29.3,88
2021/07/03 23:20,29.3,88
2021/07/03 23:21,29.2,88
2021/07/03 23:22,29.2,88
2021/07/03 23:23,29.2,89
2021/07/03 23:24,29.2,88
2021/07/03 23:25,29.2,89
2021/07/03 23:26,29.2,89
2021/07/03 23:27,29.2,89
2021/07/03 23:28,29.2,89
2021/07/03 23:29,29.2,89
2021/07/03 23:30,29.2,89
2021/07/03 23:31,29.2,89
2021/07/03 23:32,29.2,89
2021/07/03 23:33,29.2,89
2021/07/03 23:34,29.2,89
2021/07/03 23:35,29.2,89
2021/07/03 23:36,29.1,89
2021/07/03 23:37,29.1,89
2021/07/03 23:38,29.1,89
2021/07/03 23:39,29.1,89
2021/07/03 23:40,29.1,89
2021/07/03 23:41,29.1,89
2021/07/03 23:42,29.1,89
2021/07/03 23:43,29.2,89
2021/07/03 23:44,29.2,89
2021/07/03 23:45,29.2,88
2021/07/03 23:46,29.2,88
2021/07/03 23:47,29.2,89
2021/07/03 23:48,29.2,89
2021/07/03 23:49,29.2,89
2021/07/03 23:50,29.2,89
2021/07/03 23:51,29.2,88
2021/07/03 23:52,29.2,89
2021/07/03 23:53,29.2,88
2021/07/03 23:54,29.2,88
2021/07/03 23:55,29.2,88
2021/07/03 23:56,29.2,88
2021/07/03 23:57,29.2,88
2021/07/03 23:58,29.2,88
2021/07/03 23:59,29.2,89
2021/07/04 0:00,29.2,88
