Date,Pressure
2021/07/07 0:00,1007.8,
2021/07/07 0:01,1007.8,
2021/07/07 0:02,1007.8,
2021/07/07 0:03,1007.8,
2021/07/07 0:04,1007.8,
2021/07/07 0:05,1007.8,
2021/07/07 0:06,1007.8,
2021/07/07 0:07,1007.8,
2021/07/07 0:08,1007.8,
2021/07/07 0:09,1007.8,
2021/07/07 0:10,1008.0,
2021/07/07 0:11,1008.0,
2021/07/07 0:12,1008.0,
2021/07/07 0:13,1008.0,
2021/07/07 0:14,1008.0,
2021/07/07 0:15,1008.0,
2021/07/07 0:16,1008.0,
2021/07/07 0:17,1008.0,
2021/07/07 0:18,1008.0,
2021/07/07 0:19,1008.0,
2021/07/07 0:20,1008.0,
2021/07/07 0:21,1008.0,
2021/07/07 0:22,1008.0,
2021/07/07 0:23,1008.0,
2021/07/07 0:24,1008.0,
2021/07/07 0:25,1008.0,
2021/07/07 0:26,1008.0,
2021/07/07 0:27,1008.0,
2021/07/07 0:28,1008.0,
2021/07/07 0:29,1008.0,
2021/07/07 0:30,1008.0,
2021/07/07 0:31,1008.0,
2021/07/07 0:32,1008.0,
2021/07/07 0:33,1007.8,
2021/07/07 0:34,1007.8,
2021/07/07 0:35,1007.7,
2021/07/07 0:36,1007.8,
2021/07/07 0:37,1007.8,
2021/07/07 0:38,1007.8,
2021/07/07 0:39,1007.8,
2021/07/07 0:40,1007.7,
2021/07/07 0:41,1007.7,
2021/07/07 0:42,1007.7,
2021/07/07 0:43,1007.8,
2021/07/07 0:44,1007.7,
2021/07/07 0:45,1007.8,
2021/07/07 0:46,1007.8,
2021/07/07 0:47,1007.8,
2021/07/07 0:48,1007.8,
2021/07/07 0:49,1007.8,
2021/07/07 0:50,1007.7,
2021/07/07 0:51,1007.7,
2021/07/07 0:52,1007.7,
2021/07/07 0:53,1007.7,
2021/07/07 0:54,1007.7,
2021/07/07 0:55,1007.7,
2021/07/07 0:56,1007.7,
2021/07/07 0:57,1007.7,
2021/07/07 0:58,1007.7,
2021/07/07 0:59,1007.7,
2021/07/07 1:00,1007.6,
2021/07/07 1:01,1007.7,
2021/07/07 1:02,1007.7,
2021/07/07 1:03,1007.7,
2021/07/07 1:04,1007.6,
2021/07/07 1:05,1007.5,
2021/07/07 1:06,1007.5,
2021/07/07 1:07,1007.5,
2021/07/07 1:08,1007.5,
2021/07/07 1:09,1007.5,
2021/07/07 1:10,1007.5,
2021/07/07 1:11,1007.5,
2021/07/07 1:12,1007.3,
2021/07/07 1:13,1007.3,
2021/07/07 1:14,1007.3,
2021/07/07 1:15,1007.3,
2021/07/07 1:16,1007.3,
2021/07/07 1:17,1007.3,
2021/07/07 1:18,1007.3,
2021/07/07 1:19,1007.3,
2021/07/07 1:20,1007.5,
2021/07/07 1:21,1007.5,
2021/07/07 1:22,1007.5,
2021/07/07 1:23,1007.5,
2021/07/07 1:24,1007.5,
2021/07/07 1:25,1007.5,
2021/07/07 1:26,1007.5,
2021/07/07 1:27,1007.5,
2021/07/07 1:28,1007.5,
2021/07/07 1:29,1007.5,
2021/07/07 1:30,1007.3,
2021/07/07 1:31,1007.3,
2021/07/07 1:32,1007.3,
2021/07/07 1:33,1007.3,
2021/07/07 1:34,1007.3,
2021/07/07 1:35,1007.3,
2021/07/07 1:36,1007.3,
2021/07/07 1:37,1007.3,
2021/07/07 1:38,1007.3,
2021/07/07 1:39,1007.3,
2021/07/07 1:40,1007.3,
2021/07/07 1:41,1007.3,
2021/07/07 1:42,1007.3,
2021/07/07 1:43,1007.3,
2021/07/07 1:44,1007.3,
2021/07/07 1:45,1007.3,
2021/07/07 1:46,1007.3,
2021/07/07 1:47,1007.3,
2021/07/07 1:48,1007.3,
2021/07/07 1:49,1007.2,
2021/07/07 1:50,1007.2,
2021/07/07 1:51,1007.2,
2021/07/07 1:52,1007.2,
2021/07/07 1:53,1007.2,
2021/07/07 1:54,1007.2,
2021/07/07 1:55,1007.2,
2021/07/07 1:56,1007.2,
2021/07/07 1:57,1007.2,
2021/07/07 1:58,1007.2,
2021/07/07 1:59,1007.2,
2021/07/07 2:00,1007.2,
2021/07/07 2:01,1007.2,
2021/07/07 2:02,1007.2,
2021/07/07 2:03,1007.2,
2021/07/07 2:04,1007.2,
2021/07/07 2:05,1007.2,
2021/07/07 2:06,1007.2,
2021/07/07 2:07,1007.2,
2021/07/07 2:08,1007.2,
2021/07/07 2:09,1007.2,
2021/07/07 2:10,1007.2,
2021/07/07 2:11,1007.2,
2021/07/07 2:12,1007.2,
2021/07/07 2:13,1007.2,
2021/07/07 2:14,1007.2,
2021/07/07 2:15,1007.2,
2021/07/07 2:16,1007.2,
2021/07/07 2:17,1007.2,
2021/07/07 2:18,1007.2,
2021/07/07 2:19,1007.2,
2021/07/07 2:20,1007.2,
2021/07/07 2:21,1007.1,
2021/07/07 2:22,1007.2,
2021/07/07 2:23,1007.2,
2021/07/07 2:24,1007.1,
2021/07/07 2:25,1007.2,
2021/07/07 2:26,1007.1,
2021/07/07 2:27,1007.1,
2021/07/07 2:28,1007.1,
2021/07/07 2:29,1007.1,
2021/07/07 2:30,1007.1,
2021/07/07 2:31,1007.1,
2021/07/07 2:32,1007.1,
2021/07/07 2:33,1007.1,
2021/07/07 2:34,1007.1,
2021/07/07 2:35,1007.1,
2021/07/07 2:36,1007.1,
2021/07/07 2:37,1007.0,
2021/07/07 2:38,1007.1,
2021/07/07 2:39,1007.0,
2021/07/07 2:40,1007.0,
2021/07/07 2:41,1007.0,
2021/07/07 2:42,1007.0,
2021/07/07 2:43,1007.0,
2021/07/07 2:44,1007.0,
2021/07/07 2:45,1007.0,
2021/07/07 2:46,1007.1,
2021/07/07 2:47,1007.0,
2021/07/07 2:48,1007.0,
2021/07/07 2:49,1007.0,
2021/07/07 2:50,1007.1,
2021/07/07 2:51,1007.0,
2021/07/07 2:52,1007.0,
2021/07/07 2:53,1007.0,
2021/07/07 2:54,1007.0,
2021/07/07 2:55,1006.8,
2021/07/07 2:56,1006.8,
2021/07/07 2:57,1006.8,
2021/07/07 2:58,1006.7,
2021/07/07 2:59,1006.7,
2021/07/07 3:00,1006.8,
2021/07/07 3:01,1006.8,
2021/07/07 3:02,1006.7,
2021/07/07 3:03,1006.7,
2021/07/07 3:04,1006.7,
2021/07/07 3:05,1006.7,
2021/07/07 3:06,1006.7,
2021/07/07 3:07,1006.7,
2021/07/07 3:08,1006.8,
2021/07/07 3:09,1006.7,
2021/07/07 3:10,1006.7,
2021/07/07 3:11,1006.7,
2021/07/07 3:12,1006.7,
2021/07/07 3:13,1006.7,
2021/07/07 3:14,1006.7,
2021/07/07 3:15,1006.7,
2021/07/07 3:16,1006.7,
2021/07/07 3:17,1006.7,
2021/07/07 3:18,1006.7,
2021/07/07 3:19,1006.7,
2021/07/07 3:20,1006.7,
2021/07/07 3:21,1006.7,
2021/07/07 3:22,1006.8,
2021/07/07 3:23,1006.8,
2021/07/07 3:24,1006.8,
2021/07/07 3:25,1006.8,
2021/07/07 3:26,1006.7,
2021/07/07 3:27,1006.7,
2021/07/07 3:28,1006.7,
2021/07/07 3:29,1006.7,
2021/07/07 3:30,1006.7,
2021/07/07 3:31,1006.7,
2021/07/07 3:32,1006.7,
2021/07/07 3:33,1006.7,
2021/07/07 3:34,1006.8,
2021/07/07 3:35,1006.8,
2021/07/07 3:36,1007.0,
2021/07/07 3:37,1007.1,
2021/07/07 3:38,1007.2,
2021/07/07 3:39,1007.2,
2021/07/07 3:40,1007.3,
2021/07/07 3:41,1007.3,
2021/07/07 3:42,1007.2,
2021/07/07 3:43,1007.2,
2021/07/07 3:44,1007.2,
2021/07/07 3:45,1007.1,
2021/07/07 3:46,1007.0,
2021/07/07 3:47,1007.0,
2021/07/07 3:48,1007.0,
2021/07/07 3:49,1007.0,
2021/07/07 3:50,1007.0,
2021/07/07 3:51,1007.0,
2021/07/07 3:52,1007.0,
2021/07/07 3:53,1007.1,
2021/07/07 3:54,1007.1,
2021/07/07 3:55,1007.1,
2021/07/07 3:56,1007.0,
2021/07/07 3:57,1007.0,
2021/07/07 3:58,1007.0,
2021/07/07 3:59,1007.0,
2021/07/07 4:00,1007.0,
2021/07/07 4:01,1007.0,
2021/07/07 4:02,1007.0,
2021/07/07 4:03,1007.0,
2021/07/07 4:04,1007.0,
2021/07/07 4:05,1007.0,
2021/07/07 4:06,1007.0,
2021/07/07 4:07,1007.0,
2021/07/07 4:08,1007.0,
2021/07/07 4:09,1007.0,
2021/07/07 4:10,1007.0,
2021/07/07 4:11,1007.0,
2021/07/07 4:12,1007.0,
2021/07/07 4:13,1007.0,
2021/07/07 4:14,1007.1,
2021/07/07 4:15,1007.0,
2021/07/07 4:16,1007.0,
2021/07/07 4:17,1007.0,
2021/07/07 4:18,1007.0,
2021/07/07 4:19,1007.0,
2021/07/07 4:20,1007.0,
2021/07/07 4:21,1007.0,
2021/07/07 4:22,1007.0,
2021/07/07 4:23,1007.0,
2021/07/07 4:24,1007.0,
2021/07/07 4:25,1007.0,
2021/07/07 4:26,1007.0,
2021/07/07 4:27,1007.1,
2021/07/07 4:28,1007.1,
2021/07/07 4:29,1007.1,
2021/07/07 4:30,1007.1,
2021/07/07 4:31,1007.1,
2021/07/07 4:32,1007.1,
2021/07/07 4:33,1007.1,
2021/07/07 4:34,1007.1,
2021/07/07 4:35,1007.1,
2021/07/07 4:36,1007.1,
2021/07/07 4:37,1007.1,
2021/07/07 4:38,1007.1,
2021/07/07 4:39,1007.2,
2021/07/07 4:40,1007.1,
2021/07/07 4:41,1007.1,
2021/07/07 4:42,1007.1,
2021/07/07 4:43,1007.1,
2021/07/07 4:44,1007.2,
2021/07/07 4:45,1007.1,
2021/07/07 4:46,1007.1,
2021/07/07 4:47,1007.1,
2021/07/07 4:48,1007.1,
2021/07/07 4:49,1007.1,
2021/07/07 4:50,1007.2,
2021/07/07 4:51,1007.2,
2021/07/07 4:52,1007.2,
2021/07/07 4:53,1007.2,
2021/07/07 4:54,1007.2,
2021/07/07 4:55,1007.2,
2021/07/07 4:56,1007.2,
2021/07/07 4:57,1007.2,
2021/07/07 4:58,1007.2,
2021/07/07 4:59,1007.2,
2021/07/07 5:00,1007.2,
2021/07/07 5:01,1007.2,
2021/07/07 5:02,1007.2,
2021/07/07 5:03,1007.2,
2021/07/07 5:04,1007.2,
2021/07/07 5:05,1007.2,
2021/07/07 5:06,1007.2,
2021/07/07 5:07,1007.2,
2021/07/07 5:08,1007.2,
2021/07/07 5:09,1007.2,
2021/07/07 5:10,1007.2,
2021/07/07 5:11,1007.2,
2021/07/07 5:12,1007.3,
2021/07/07 5:13,1007.3,
2021/07/07 5:14,1007.5,
2021/07/07 5:15,1007.5,
2021/07/07 5:16,1007.5,
2021/07/07 5:17,1007.5,
2021/07/07 5:18,1007.5,
2021/07/07 5:19,1007.5,
2021/07/07 5:20,1007.5,
2021/07/07 5:21,1007.3,
2021/07/07 5:22,1007.3,
2021/07/07 5:23,1007.5,
2021/07/07 5:24,1007.5,
2021/07/07 5:25,1007.5,
2021/07/07 5:26,1007.5,
2021/07/07 5:27,1007.5,
2021/07/07 5:28,1007.6,
2021/07/07 5:29,1007.6,
2021/07/07 5:30,1007.7,
2021/07/07 5:31,1007.7,
2021/07/07 5:32,1007.7,
2021/07/07 5:33,1007.7,
2021/07/07 5:34,1007.7,
2021/07/07 5:35,1007.7,
2021/07/07 5:36,1007.7,
2021/07/07 5:37,1007.7,
2021/07/07 5:38,1007.7,
2021/07/07 5:39,1007.7,
2021/07/07 5:40,1007.7,
2021/07/07 5:41,1007.7,
2021/07/07 5:42,1007.7,
2021/07/07 5:43,1007.7,
2021/07/07 5:44,1007.7,
2021/07/07 5:45,1007.7,
2021/07/07 5:46,1007.7,
2021/07/07 5:47,1007.7,
2021/07/07 5:48,1007.7,
2021/07/07 5:49,1007.7,
2021/07/07 5:50,1007.8,
2021/07/07 5:51,1007.7,
2021/07/07 5:52,1007.8,
2021/07/07 5:53,1007.8,
2021/07/07 5:54,1007.8,
2021/07/07 5:55,1007.7,
2021/07/07 5:56,1007.7,
2021/07/07 5:57,1007.8,
2021/07/07 5:58,1007.8,
2021/07/07 5:59,1007.7,
2021/07/07 6:00,1007.7,
2021/07/07 6:01,1007.8,
2021/07/07 6:02,1007.7,
2021/07/07 6:03,1007.8,
2021/07/07 6:04,1007.7,
2021/07/07 6:05,1007.7,
2021/07/07 6:06,1007.8,
2021/07/07 6:07,1007.8,
2021/07/07 6:08,1007.8,
2021/07/07 6:09,1007.8,
2021/07/07 6:10,1007.8,
2021/07/07 6:11,1007.8,
2021/07/07 6:12,1007.8,
2021/07/07 6:13,1007.8,
2021/07/07 6:14,1007.8,
2021/07/07 6:15,1007.8,
2021/07/07 6:16,1007.7,
2021/07/07 6:17,1007.7,
2021/07/07 6:18,1007.7,
2021/07/07 6:19,1007.7,
2021/07/07 6:20,1007.7,
2021/07/07 6:21,1007.8,
2021/07/07 6:22,1007.7,
2021/07/07 6:23,1007.8,
2021/07/07 6:24,1007.8,
2021/07/07 6:25,1007.8,
2021/07/07 6:26,1007.8,
2021/07/07 6:27,1007.8,
2021/07/07 6:28,1007.8,
2021/07/07 6:29,1007.8,
2021/07/07 6:30,1007.8,
2021/07/07 6:31,1007.8,
2021/07/07 6:32,1007.8,
2021/07/07 6:33,1007.8,
2021/07/07 6:34,1007.8,
2021/07/07 6:35,1007.8,
2021/07/07 6:36,1007.8,
2021/07/07 6:37,1007.8,
2021/07/07 6:38,1007.8,
2021/07/07 6:39,1007.8,
2021/07/07 6:40,1007.8,
2021/07/07 6:41,1008.0,
2021/07/07 6:42,1008.0,
2021/07/07 6:43,1008.0,
2021/07/07 6:44,1008.0,
2021/07/07 6:45,1008.0,
2021/07/07 6:46,1008.0,
2021/07/07 6:47,1008.0,
2021/07/07 6:48,1008.0,
2021/07/07 6:49,1008.0,
2021/07/07 6:50,1008.0,
2021/07/07 6:51,1008.0,
2021/07/07 6:52,1008.0,
2021/07/07 6:53,1008.0,
2021/07/07 6:54,1008.1,
2021/07/07 6:55,1008.2,
2021/07/07 6:56,1008.2,
2021/07/07 6:57,1008.3,
2021/07/07 6:58,1008.3,
2021/07/07 6:59,1008.3,
2021/07/07 7:00,1008.3,
2021/07/07 7:01,1008.3,
2021/07/07 7:02,1008.3,
2021/07/07 7:03,1008.3,
2021/07/07 7:04,1008.3,
2021/07/07 7:05,1008.3,
2021/07/07 7:06,1008.5,
2021/07/07 7:07,1008.5,
2021/07/07 7:08,1008.5,
2021/07/07 7:09,1008.5,
2021/07/07 7:10,1008.5,
2021/07/07 7:11,1008.5,
2021/07/07 7:12,1008.5,
2021/07/07 7:13,1008.5,
2021/07/07 7:14,1008.5,
2021/07/07 7:15,1008.5,
2021/07/07 7:16,1008.5,
2021/07/07 7:17,1008.5,
2021/07/07 7:18,1008.5,
2021/07/07 7:19,1008.5,
2021/07/07 7:20,1008.5,
2021/07/07 7:21,1008.5,
2021/07/07 7:22,1008.5,
2021/07/07 7:23,1008.5,
2021/07/07 7:24,1008.5,
2021/07/07 7:25,1008.5,
2021/07/07 7:26,1008.5,
2021/07/07 7:27,1008.5,
2021/07/07 7:28,1008.5,
2021/07/07 7:29,1008.5,
2021/07/07 7:30,1008.5,
2021/07/07 7:31,1008.5,
2021/07/07 7:32,1008.5,
2021/07/07 7:33,1008.3,
2021/07/07 7:34,1008.3,
2021/07/07 7:35,1008.3,
2021/07/07 7:36,1008.3,
2021/07/07 7:37,1008.3,
2021/07/07 7:38,1008.3,
2021/07/07 7:39,1008.3,
2021/07/07 7:40,1008.3,
2021/07/07 7:41,1008.3,
2021/07/07 7:42,1008.3,
2021/07/07 7:43,1008.3,
2021/07/07 7:44,1008.5,
2021/07/07 7:45,1008.5,
2021/07/07 7:46,1008.5,
2021/07/07 7:47,1008.5,
2021/07/07 7:48,1008.5,
2021/07/07 7:49,1008.5,
2021/07/07 7:50,1008.5,
2021/07/07 7:51,1008.5,
2021/07/07 7:52,1008.5,
2021/07/07 7:53,1008.5,
2021/07/07 7:54,1008.3,
2021/07/07 7:55,1008.5,
2021/07/07 7:56,1008.3,
2021/07/07 7:57,1008.3,
2021/07/07 7:58,1008.3,
2021/07/07 7:59,1008.3,
2021/07/07 8:00,1008.3,
2021/07/07 8:01,1008.3,
2021/07/07 8:02,1008.5,
2021/07/07 8:03,1008.3,
2021/07/07 8:04,1008.3,
2021/07/07 8:05,1008.3,
2021/07/07 8:06,1008.3,
2021/07/07 8:07,1008.3,
2021/07/07 8:08,1008.5,
2021/07/07 8:09,1008.5,
2021/07/07 8:10,1008.3,
2021/07/07 8:11,1008.5,
2021/07/07 8:12,1008.5,
2021/07/07 8:13,1008.5,
2021/07/07 8:14,1008.5,
2021/07/07 8:15,1008.5,
2021/07/07 8:16,1008.5,
2021/07/07 8:17,1008.5,
2021/07/07 8:18,1008.5,
2021/07/07 8:19,1008.5,
2021/07/07 8:20,1008.5,
2021/07/07 8:21,1008.5,
2021/07/07 8:22,1008.5,
2021/07/07 8:23,1008.6,
2021/07/07 8:24,1008.8,
2021/07/07 8:25,1008.7,
2021/07/07 8:26,1008.6,
2021/07/07 8:27,1008.7,
2021/07/07 8:28,1008.7,
2021/07/07 8:29,1008.6,
2021/07/07 8:30,1008.6,
2021/07/07 8:31,1008.6,
2021/07/07 8:32,1008.6,
2021/07/07 8:33,1008.6,
2021/07/07 8:34,1008.6,
2021/07/07 8:35,1008.6,
2021/07/07 8:36,1008.6,
2021/07/07 8:37,1008.5,
2021/07/07 8:38,1008.5,
2021/07/07 8:39,1008.5,
2021/07/07 8:40,1008.5,
2021/07/07 8:41,1008.5,
2021/07/07 8:42,1008.5,
2021/07/07 8:43,1008.5,
2021/07/07 8:44,1008.5,
2021/07/07 8:45,1008.5,
2021/07/07 8:46,1008.5,
2021/07/07 8:47,1008.5,
2021/07/07 8:48,1008.5,
2021/07/07 8:49,1008.5,
2021/07/07 8:50,1008.5,
2021/07/07 8:51,1008.5,
2021/07/07 8:52,1008.5,
2021/07/07 8:53,1008.5,
2021/07/07 8:54,1008.5,
2021/07/07 8:55,1008.5,
2021/07/07 8:56,1008.5,
2021/07/07 8:57,1008.5,
2021/07/07 8:58,1008.5,
2021/07/07 8:59,1008.5,
2021/07/07 9:00,1008.5,
2021/07/07 9:01,1008.5,
2021/07/07 9:02,1008.6,
2021/07/07 9:03,1008.5,
2021/07/07 9:04,1008.5,
2021/07/07 9:05,1008.5,
2021/07/07 9:06,1008.5,
2021/07/07 9:07,1008.5,
2021/07/07 9:08,1008.5,
2021/07/07 9:09,1008.5,
2021/07/07 9:10,1008.5,
2021/07/07 9:11,1008.5,
2021/07/07 9:12,1008.5,
2021/07/07 9:13,1008.5,
2021/07/07 9:14,1008.5,
2021/07/07 9:15,1008.5,
2021/07/07 9:16,1008.6,
2021/07/07 9:17,1008.7,
2021/07/07 9:18,1008.6,
2021/07/07 9:19,1008.7,
2021/07/07 9:20,1008.7,
2021/07/07 9:21,1008.7,
2021/07/07 9:22,1008.7,
2021/07/07 9:23,1008.7,
2021/07/07 9:24,1008.7,
2021/07/07 9:25,1008.6,
2021/07/07 9:26,1008.7,
2021/07/07 9:27,1008.7,
2021/07/07 9:28,1008.7,
2021/07/07 9:29,1008.8,
2021/07/07 9:30,1008.8,
2021/07/07 9:31,1009.0,
2021/07/07 9:32,1008.8,
2021/07/07 9:33,1008.8,
2021/07/07 9:34,1009.0,
2021/07/07 9:35,1008.8,
2021/07/07 9:36,1009.0,
2021/07/07 9:37,1008.8,
2021/07/07 9:38,1008.8,
2021/07/07 9:39,1008.8,
2021/07/07 9:40,1008.8,
2021/07/07 9:41,1008.7,
2021/07/07 9:42,1008.7,
2021/07/07 9:43,1008.8,
2021/07/07 9:44,1008.8,
2021/07/07 9:45,1009.0,
2021/07/07 9:46,1009.0,
2021/07/07 9:47,1009.0,
2021/07/07 9:48,1009.0,
2021/07/07 9:49,1009.0,
2021/07/07 9:50,1009.0,
2021/07/07 9:51,1009.0,
2021/07/07 9:52,1009.0,
2021/07/07 9:53,1009.0,
2021/07/07 9:54,1008.8,
2021/07/07 9:55,1009.0,
2021/07/07 9:56,1008.8,
2021/07/07 9:57,1008.7,
2021/07/07 9:58,1008.7,
2021/07/07 9:59,1008.8,
2021/07/07 10:00,1008.8,
2021/07/07 10:01,1008.6,
2021/07/07 10:02,1008.7,
2021/07/07 10:03,1008.7,
2021/07/07 10:04,1008.7,
2021/07/07 10:05,1008.7,
2021/07/07 10:06,1008.8,
2021/07/07 10:07,1008.7,
2021/07/07 10:08,1008.8,
2021/07/07 10:09,1008.8,
2021/07/07 10:10,1008.8,
2021/07/07 10:11,1009.0,
2021/07/07 10:12,1008.8,
2021/07/07 10:13,1008.8,
2021/07/07 10:14,1008.8,
2021/07/07 10:15,1009.0,
2021/07/07 10:16,1009.0,
2021/07/07 10:17,1009.0,
2021/07/07 10:18,1008.8,
2021/07/07 10:19,1009.0,
2021/07/07 10:20,1009.0,
2021/07/07 10:21,1009.0,
2021/07/07 10:22,1009.0,
2021/07/07 10:23,1009.0,
2021/07/07 10:24,1009.0,
2021/07/07 10:25,1009.0,
2021/07/07 10:26,1009.0,
2021/07/07 10:27,1008.8,
2021/07/07 10:28,1008.8,
2021/07/07 10:29,1008.7,
2021/07/07 10:30,1008.8,
2021/07/07 10:31,1008.6,
2021/07/07 10:32,1008.6,
2021/07/07 10:33,1008.6,
2021/07/07 10:34,1008.6,
2021/07/07 10:35,1008.6,
2021/07/07 10:36,1008.6,
2021/07/07 10:37,1008.5,
2021/07/07 10:38,1008.5,
2021/07/07 10:39,1008.5,
2021/07/07 10:40,1008.5,
2021/07/07 10:41,1008.5,
2021/07/07 10:42,1008.5,
2021/07/07 10:43,1008.5,
2021/07/07 10:44,1008.5,
2021/07/07 10:45,1008.5,
2021/07/07 10:46,1008.5,
2021/07/07 10:47,1008.6,
2021/07/07 10:48,1008.5,
2021/07/07 10:49,1008.6,
2021/07/07 10:50,1008.6,
2021/07/07 10:51,1008.6,
2021/07/07 10:52,1008.8,
2021/07/07 10:53,1008.7,
2021/07/07 10:54,1008.7,
2021/07/07 10:55,1008.7,
2021/07/07 10:56,1008.8,
2021/07/07 10:57,1008.8,
2021/07/07 10:58,1008.8,
2021/07/07 10:59,1008.8,
2021/07/07 11:00,1008.8,
2021/07/07 11:01,1008.8,
2021/07/07 11:02,1008.8,
2021/07/07 11:03,1009.0,
2021/07/07 11:04,1009.0,
2021/07/07 11:05,1008.8,
2021/07/07 11:06,1009.0,
2021/07/07 11:07,1009.0,
2021/07/07 11:08,1009.0,
2021/07/07 11:09,1008.8,
2021/07/07 11:10,1008.7,
2021/07/07 11:11,1008.6,
2021/07/07 11:12,1008.6,
2021/07/07 11:13,1008.7,
2021/07/07 11:14,1008.7,
2021/07/07 11:15,1008.7,
2021/07/07 11:16,1008.8,
2021/07/07 11:17,1008.8,
2021/07/07 11:18,1008.8,
2021/07/07 11:19,1009.0,
2021/07/07 11:20,1009.0,
2021/07/07 11:21,1009.0,
2021/07/07 11:22,1009.0,
2021/07/07 11:23,1009.0,
2021/07/07 11:24,1009.0,
2021/07/07 11:25,1008.8,
2021/07/07 11:26,1008.8,
2021/07/07 11:27,1009.0,
2021/07/07 11:28,1008.8,
2021/07/07 11:29,1008.8,
2021/07/07 11:30,1008.7,
2021/07/07 11:31,1008.7,
2021/07/07 11:32,1008.5,
2021/07/07 11:33,1008.5,
2021/07/07 11:34,1008.5,
2021/07/07 11:35,1008.6,
2021/07/07 11:36,1008.5,
2021/07/07 11:37,1008.5,
2021/07/07 11:38,1008.5,
2021/07/07 11:39,1008.5,
2021/07/07 11:40,1008.5,
2021/07/07 11:41,1008.5,
2021/07/07 11:42,1008.6,
2021/07/07 11:43,1008.6,
2021/07/07 11:44,1008.6,
2021/07/07 11:45,1008.6,
2021/07/07 11:46,1008.6,
2021/07/07 11:47,1008.6,
2021/07/07 11:48,1008.6,
2021/07/07 11:49,1008.5,
2021/07/07 11:50,1008.5,
2021/07/07 11:51,1008.5,
2021/07/07 11:52,1008.5,
2021/07/07 11:53,1008.6,
2021/07/07 11:54,1008.6,
2021/07/07 11:55,1008.6,
2021/07/07 11:56,1008.6,
2021/07/07 11:57,1008.6,
2021/07/07 11:58,1008.6,
2021/07/07 11:59,1008.6,
2021/07/07 12:00,1008.6,
2021/07/07 12:01,1008.5,
2021/07/07 12:02,1008.5,
2021/07/07 12:03,1008.6,
2021/07/07 12:04,1008.5,
2021/07/07 12:05,1008.6,
2021/07/07 12:06,1008.6,
2021/07/07 12:07,1008.6,
2021/07/07 12:08,1008.6,
2021/07/07 12:09,1008.5,
2021/07/07 12:10,1008.5,
2021/07/07 12:11,1008.5,
2021/07/07 12:12,1008.4,
2021/07/07 12:13,1008.4,
2021/07/07 12:14,1008.4,
2021/07/07 12:15,1008.4,
2021/07/07 12:16,1008.4,
2021/07/07 12:17,1008.4,
2021/07/07 12:18,1008.4,
2021/07/07 12:19,1008.4,
2021/07/07 12:20,1008.4,
2021/07/07 12:21,1008.4,
2021/07/07 12:22,1008.4,
2021/07/07 12:23,1008.4,
2021/07/07 12:24,1008.4,
2021/07/07 12:25,1008.4,
2021/07/07 12:26,1008.4,
2021/07/07 12:27,1008.4,
2021/07/07 12:28,1008.4,
2021/07/07 12:29,1008.4,
2021/07/07 12:30,1008.4,
2021/07/07 12:31,1008.4,
2021/07/07 12:32,1008.4,
2021/07/07 12:33,1008.4,
2021/07/07 12:34,1008.4,
2021/07/07 12:35,1008.4,
2021/07/07 12:36,1008.4,
2021/07/07 12:37,1008.4,
2021/07/07 12:38,1008.4,
2021/07/07 12:39,1008.4,
2021/07/07 12:40,1008.4,
2021/07/07 12:41,1008.4,
2021/07/07 12:42,1008.4,
2021/07/07 12:43,1008.4,
2021/07/07 12:44,1008.4,
2021/07/07 12:45,1008.4,
2021/07/07 12:46,1008.5,
2021/07/07 12:47,1008.4,
2021/07/07 12:48,1008.4,
2021/07/07 12:49,1008.4,
2021/07/07 12:50,1008.4,
2021/07/07 12:51,1008.4,
2021/07/07 12:52,1008.4,
2021/07/07 12:53,1008.4,
2021/07/07 12:54,1008.5,
2021/07/07 12:55,1008.4,
2021/07/07 12:56,1008.5,
2021/07/07 12:57,1008.5,
2021/07/07 12:58,1008.5,
2021/07/07 12:59,1008.5,
2021/07/07 13:00,1008.5,
2021/07/07 13:01,1008.5,
2021/07/07 13:02,1008.5,
2021/07/07 13:03,1008.5,
2021/07/07 13:04,1008.4,
2021/07/07 13:05,1008.4,
2021/07/07 13:06,1008.4,
2021/07/07 13:07,1008.4,
2021/07/07 13:08,1008.5,
2021/07/07 13:09,1008.4,
2021/07/07 13:10,1008.4,
2021/07/07 13:11,1008.4,
2021/07/07 13:12,1008.4,
2021/07/07 13:13,1008.4,
2021/07/07 13:14,1008.4,
2021/07/07 13:15,1008.4,
2021/07/07 13:16,1008.5,
2021/07/07 13:17,1008.4,
2021/07/07 13:18,1008.5,
2021/07/07 13:19,1008.4,
2021/07/07 13:20,1008.5,
2021/07/07 13:21,1008.5,
2021/07/07 13:22,1008.4,
2021/07/07 13:23,1008.5,
2021/07/07 13:24,1008.5,
2021/07/07 13:25,1008.5,
2021/07/07 13:26,1008.5,
2021/07/07 13:27,1008.4,
2021/07/07 13:28,1008.5,
2021/07/07 13:29,1008.5,
2021/07/07 13:30,1008.4,
2021/07/07 13:31,1008.4,
2021/07/07 13:32,1008.4,
2021/07/07 13:33,1008.4,
2021/07/07 13:34,1008.4,
2021/07/07 13:35,1008.4,
2021/07/07 13:36,1008.4,
2021/07/07 13:37,1008.4,
2021/07/07 13:38,1008.4,
2021/07/07 13:39,1008.3,
2021/07/07 13:40,1008.3,
2021/07/07 13:41,1008.3,
2021/07/07 13:42,1008.3,
2021/07/07 13:43,1008.3,
2021/07/07 13:44,1008.3,
2021/07/07 13:45,1008.3,
2021/07/07 13:46,1008.3,
2021/07/07 13:47,1008.3,
2021/07/07 13:48,1008.3,
2021/07/07 13:49,1008.3,
2021/07/07 13:50,1008.3,
2021/07/07 13:51,1008.3,
2021/07/07 13:52,1008.4,
2021/07/07 13:53,1008.4,
2021/07/07 13:54,1008.4,
2021/07/07 13:55,1008.5,
2021/07/07 13:56,1008.5,
2021/07/07 13:57,1008.5,
2021/07/07 13:58,1008.5,
2021/07/07 13:59,1008.5,
2021/07/07 14:00,1008.5,
2021/07/07 14:01,1008.5,
2021/07/07 14:02,1008.5,
2021/07/07 14:03,1008.5,
2021/07/07 14:04,1008.5,
2021/07/07 14:05,1008.5,
2021/07/07 14:06,1008.5,
2021/07/07 14:07,1008.5,
2021/07/07 14:08,1008.5,
2021/07/07 14:09,1008.3,
2021/07/07 14:10,1008.3,
2021/07/07 14:11,1008.3,
2021/07/07 14:12,1008.3,
2021/07/07 14:13,1008.3,
2021/07/07 14:14,1008.3,
2021/07/07 14:15,1008.3,
2021/07/07 14:16,1008.3,
2021/07/07 14:17,1008.2,
2021/07/07 14:18,1008.2,
2021/07/07 14:19,1008.2,
2021/07/07 14:20,1008.1,
2021/07/07 14:21,1008.0,
2021/07/07 14:22,1008.1,
2021/07/07 14:23,1008.1,
2021/07/07 14:24,1008.1,
2021/07/07 14:25,1008.1,
2021/07/07 14:26,1008.0,
2021/07/07 14:27,1008.0,
2021/07/07 14:28,1008.1,
2021/07/07 14:29,1008.0,
2021/07/07 14:30,1008.1,
2021/07/07 14:31,1008.1,
2021/07/07 14:32,1008.1,
2021/07/07 14:33,1008.1,
2021/07/07 14:34,1008.2,
2021/07/07 14:35,1008.1,
2021/07/07 14:36,1008.2,
2021/07/07 14:37,1008.2,
2021/07/07 14:38,1008.1,
2021/07/07 14:39,1008.1,
2021/07/07 14:40,1008.2,
2021/07/07 14:41,1008.2,
2021/07/07 14:42,1008.2,
2021/07/07 14:43,1008.2,
2021/07/07 14:44,1008.2,
2021/07/07 14:45,1008.2,
2021/07/07 14:46,1008.2,
2021/07/07 14:47,1008.2,
2021/07/07 14:48,1008.2,
2021/07/07 14:49,1008.2,
2021/07/07 14:50,1008.2,
2021/07/07 14:51,1008.1,
2021/07/07 14:52,1008.2,
2021/07/07 14:53,1008.3,
2021/07/07 14:54,1008.2,
2021/07/07 14:55,1008.3,
2021/07/07 14:56,1008.3,
2021/07/07 14:57,1008.3,
2021/07/07 14:58,1008.3,
2021/07/07 14:59,1008.3,
2021/07/07 15:00,1008.3,
2021/07/07 15:01,1008.3,
2021/07/07 15:02,1008.3,
2021/07/07 15:03,1008.3,
2021/07/07 15:04,1008.3,
2021/07/07 15:05,1008.3,
2021/07/07 15:06,1008.3,
2021/07/07 15:07,1008.3,
2021/07/07 15:08,1008.3,
2021/07/07 15:09,1008.3,
2021/07/07 15:10,1008.3,
2021/07/07 15:11,1008.4,
2021/07/07 15:12,1008.3,
2021/07/07 15:13,1008.4,
2021/07/07 15:14,1008.4,
2021/07/07 15:15,1008.4,
2021/07/07 15:16,1008.4,
2021/07/07 15:17,1008.4,
2021/07/07 15:18,1008.4,
2021/07/07 15:19,1008.4,
2021/07/07 15:20,1008.4,
2021/07/07 15:21,1008.3,
2021/07/07 15:22,1008.3,
2021/07/07 15:23,1008.3,
2021/07/07 15:24,1008.3,
2021/07/07 15:25,1008.3,
2021/07/07 15:26,1008.3,
2021/07/07 15:27,1008.2,
2021/07/07 15:28,1008.2,
2021/07/07 15:29,1008.2,
2021/07/07 15:30,1008.2,
2021/07/07 15:31,1008.2,
2021/07/07 15:32,1008.2,
2021/07/07 15:33,1008.1,
2021/07/07 15:34,1008.2,
2021/07/07 15:35,1008.1,
2021/07/07 15:36,1008.1,
2021/07/07 15:37,1008.1,
2021/07/07 15:38,1008.0,
2021/07/07 15:39,1008.0,
2021/07/07 15:40,1008.0,
2021/07/07 15:41,1008.1,
2021/07/07 15:42,1008.1,
2021/07/07 15:43,1008.1,
2021/07/07 15:44,1008.1,
2021/07/07 15:45,1008.1,
2021/07/07 15:46,1008.1,
2021/07/07 15:47,1008.2,
2021/07/07 15:48,1008.2,
2021/07/07 15:49,1008.2,
2021/07/07 15:50,1008.2,
2021/07/07 15:51,1008.2,
2021/07/07 15:52,1008.2,
2021/07/07 15:53,1008.2,
2021/07/07 15:54,1008.2,
2021/07/07 15:55,1008.2,
2021/07/07 15:56,1008.2,
2021/07/07 15:57,1008.2,
2021/07/07 15:58,1008.2,
2021/07/07 15:59,1008.2,
2021/07/07 16:00,1008.1,
2021/07/07 16:01,1008.0,
2021/07/07 16:02,1008.0,
2021/07/07 16:03,1008.0,
2021/07/07 16:04,1008.0,
2021/07/07 16:05,1007.9,
2021/07/07 16:06,1007.9,
2021/07/07 16:07,1007.9,
2021/07/07 16:08,1007.9,
2021/07/07 16:09,1007.9,
2021/07/07 16:10,1007.9,
2021/07/07 16:11,1007.9,
2021/07/07 16:12,1007.9,
2021/07/07 16:13,1007.9,
2021/07/07 16:14,1007.9,
2021/07/07 16:15,1007.9,
2021/07/07 16:16,1007.9,
2021/07/07 16:17,1007.9,
2021/07/07 16:18,1007.9,
2021/07/07 16:19,1007.9,
2021/07/07 16:20,1007.9,
2021/07/07 16:21,1007.8,
2021/07/07 16:22,1007.8,
2021/07/07 16:23,1007.9,
2021/07/07 16:24,1007.9,
2021/07/07 16:25,1007.9,
2021/07/07 16:26,1007.9,
2021/07/07 16:27,1007.9,
2021/07/07 16:28,1007.9,
2021/07/07 16:29,1007.9,
2021/07/07 16:30,1007.9,
2021/07/07 16:31,1007.8,
2021/07/07 16:32,1007.8,
2021/07/07 16:33,1007.8,
2021/07/07 16:34,1007.8,
2021/07/07 16:35,1007.8,
2021/07/07 16:36,1007.8,
2021/07/07 16:37,1007.8,
2021/07/07 16:38,1007.8,
2021/07/07 16:39,1007.8,
2021/07/07 16:40,1007.7,
2021/07/07 16:41,1007.8,
2021/07/07 16:42,1007.8,
2021/07/07 16:43,1007.8,
2021/07/07 16:44,1007.8,
2021/07/07 16:45,1007.8,
2021/07/07 16:46,1007.8,
2021/07/07 16:47,1007.8,
2021/07/07 16:48,1007.8,
2021/07/07 16:49,1007.8,
2021/07/07 16:50,1007.8,
2021/07/07 16:51,1007.8,
2021/07/07 16:52,1007.8,
2021/07/07 16:53,1007.8,
2021/07/07 16:54,1007.8,
2021/07/07 16:55,1007.9,
2021/07/07 16:56,1007.9,
2021/07/07 16:57,1007.9,
2021/07/07 16:58,1007.9,
2021/07/07 16:59,1007.9,
2021/07/07 17:00,1007.9,
2021/07/07 17:01,1007.9,
2021/07/07 17:02,1007.9,
2021/07/07 17:03,1007.9,
2021/07/07 17:04,1007.9,
2021/07/07 17:05,1007.8,
2021/07/07 17:06,1007.9,
2021/07/07 17:07,1007.9,
2021/07/07 17:08,1007.9,
2021/07/07 17:09,1007.9,
2021/07/07 17:10,1007.9,
2021/07/07 17:11,1007.9,
2021/07/07 17:12,1007.9,
2021/07/07 17:13,1007.8,
2021/07/07 17:14,1007.8,
2021/07/07 17:15,1007.9,
2021/07/07 17:16,1007.9,
2021/07/07 17:17,1007.9,
2021/07/07 17:18,1008.0,
2021/07/07 17:19,1008.0,
2021/07/07 17:20,1007.8,
2021/07/07 17:21,1008.0,
2021/07/07 17:22,1008.0,
2021/07/07 17:23,1008.0,
2021/07/07 17:24,1008.0,
2021/07/07 17:25,1008.0,
2021/07/07 17:26,1008.0,
2021/07/07 17:27,1007.8,
2021/07/07 17:28,1008.0,
2021/07/07 17:29,1007.8,
2021/07/07 17:30,1008.0,
2021/07/07 17:31,1008.0,
2021/07/07 17:32,1008.0,
2021/07/07 17:33,1008.0,
2021/07/07 17:34,1008.0,
2021/07/07 17:35,1008.0,
2021/07/07 17:36,1008.0,
2021/07/07 17:37,1007.8,
2021/07/07 17:38,1007.8,
2021/07/07 17:39,1007.8,
2021/07/07 17:40,1007.8,
2021/07/07 17:41,1007.8,
2021/07/07 17:42,1007.8,
2021/07/07 17:43,1007.8,
2021/07/07 17:44,1007.8,
2021/07/07 17:45,1007.8,
2021/07/07 17:46,1007.8,
2021/07/07 17:47,1007.8,
2021/07/07 17:48,1007.8,
2021/07/07 17:49,1007.8,
2021/07/07 17:50,1007.8,
2021/07/07 17:51,1007.8,
2021/07/07 17:52,1007.8,
2021/07/07 17:53,1007.8,
2021/07/07 17:54,1007.8,
2021/07/07 17:55,1007.8,
2021/07/07 17:56,1007.8,
2021/07/07 17:57,1007.8,
2021/07/07 17:58,1007.8,
2021/07/07 17:59,1007.8,
2021/07/07 18:00,1007.8,
2021/07/07 18:01,1007.8,
2021/07/07 18:02,1007.8,
2021/07/07 18:03,1007.8,
2021/07/07 18:04,1007.8,
2021/07/07 18:05,1008.0,
2021/07/07 18:06,1008.0,
2021/07/07 18:07,1008.0,
2021/07/07 18:08,1008.0,
2021/07/07 18:09,1008.0,
2021/07/07 18:10,1008.0,
2021/07/07 18:11,1008.0,
2021/07/07 18:12,1008.0,
2021/07/07 18:13,1008.0,
2021/07/07 18:14,1008.0,
2021/07/07 18:15,1008.0,
2021/07/07 18:16,1008.0,
2021/07/07 18:17,1008.0,
2021/07/07 18:18,1008.0,
2021/07/07 18:19,1008.0,
2021/07/07 18:20,1008.0,
2021/07/07 18:21,1008.0,
2021/07/07 18:22,1008.0,
2021/07/07 18:23,1008.0,
2021/07/07 18:24,1008.0,
2021/07/07 18:25,1008.0,
2021/07/07 18:26,1008.0,
2021/07/07 18:27,1008.0,
2021/07/07 18:28,1008.0,
2021/07/07 18:29,1008.0,
2021/07/07 18:30,1008.0,
2021/07/07 18:31,1008.0,
2021/07/07 18:32,1008.0,
2021/07/07 18:33,1008.0,
2021/07/07 18:34,1008.0,
2021/07/07 18:35,1008.0,
2021/07/07 18:36,1008.0,
2021/07/07 18:37,1008.1,
2021/07/07 18:38,1008.1,
2021/07/07 18:39,1008.1,
2021/07/07 18:40,1008.2,
2021/07/07 18:41,1008.2,
2021/07/07 18:42,1008.2,
2021/07/07 18:43,1008.1,
2021/07/07 18:44,1008.1,
2021/07/07 18:45,1008.1,
2021/07/07 18:46,1008.2,
2021/07/07 18:47,1008.2,
2021/07/07 18:48,1008.2,
2021/07/07 18:49,1008.2,
2021/07/07 18:50,1008.2,
2021/07/07 18:51,1008.2,
2021/07/07 18:52,1008.2,
2021/07/07 18:53,1008.2,
2021/07/07 18:54,1008.2,
2021/07/07 18:55,1008.2,
2021/07/07 18:56,1008.2,
2021/07/07 18:57,1008.2,
2021/07/07 18:58,1008.2,
2021/07/07 18:59,1008.2,
2021/07/07 19:00,1008.2,
2021/07/07 19:01,1008.2,
2021/07/07 19:02,1008.3,
2021/07/07 19:03,1008.3,
2021/07/07 19:04,1008.3,
2021/07/07 19:05,1008.3,
2021/07/07 19:06,1008.3,
2021/07/07 19:07,1008.3,
2021/07/07 19:08,1008.3,
2021/07/07 19:09,1008.3,
2021/07/07 19:10,1008.3,
2021/07/07 19:11,1008.3,
2021/07/07 19:12,1008.3,
2021/07/07 19:13,1008.3,
2021/07/07 19:14,1008.3,
2021/07/07 19:15,1008.5,
2021/07/07 19:16,1008.5,
2021/07/07 19:17,1008.5,
2021/07/07 19:18,1008.5,
2021/07/07 19:19,1008.5,
2021/07/07 19:20,1008.5,
2021/07/07 19:21,1008.5,
2021/07/07 19:22,1008.5,
2021/07/07 19:23,1008.5,
2021/07/07 19:24,1008.5,
2021/07/07 19:25,1008.5,
2021/07/07 19:26,1008.5,
2021/07/07 19:27,1008.5,
2021/07/07 19:28,1008.5,
2021/07/07 19:29,1008.5,
2021/07/07 19:30,1008.5,
2021/07/07 19:31,1008.5,
2021/07/07 19:32,1008.6,
2021/07/07 19:33,1008.6,
2021/07/07 19:34,1008.6,
2021/07/07 19:35,1008.7,
2021/07/07 19:36,1008.7,
2021/07/07 19:37,1008.7,
2021/07/07 19:38,1008.8,
2021/07/07 19:39,1008.8,
2021/07/07 19:40,1008.8,
2021/07/07 19:41,1008.8,
2021/07/07 19:42,1008.8,
2021/07/07 19:43,1008.8,
2021/07/07 19:44,1008.8,
2021/07/07 19:45,1008.8,
2021/07/07 19:46,1009.0,
2021/07/07 19:47,1009.0,
2021/07/07 19:48,1009.0,
2021/07/07 19:49,1009.0,
2021/07/07 19:50,1009.0,
2021/07/07 19:51,1009.0,
2021/07/07 19:52,1009.0,
2021/07/07 19:53,1009.0,
2021/07/07 19:54,1009.0,
2021/07/07 19:55,1009.0,
2021/07/07 19:56,1009.0,
2021/07/07 19:57,1009.0,
2021/07/07 19:58,1009.0,
2021/07/07 19:59,1009.0,
2021/07/07 20:00,1009.0,
2021/07/07 20:01,1009.0,
2021/07/07 20:02,1009.1,
2021/07/07 20:03,1009.1,
2021/07/07 20:04,1009.1,
2021/07/07 20:05,1009.1,
2021/07/07 20:06,1009.1,
2021/07/07 20:07,1009.1,
2021/07/07 20:08,1009.2,
2021/07/07 20:09,1009.2,
2021/07/07 20:10,1009.2,
2021/07/07 20:11,1009.1,
2021/07/07 20:12,1009.2,
2021/07/07 20:13,1009.2,
2021/07/07 20:14,1009.2,
2021/07/07 20:15,1009.3,
2021/07/07 20:16,1009.3,
2021/07/07 20:17,1009.3,
2021/07/07 20:18,1009.3,
2021/07/07 20:19,1009.3,
2021/07/07 20:20,1009.5,
2021/07/07 20:21,1009.5,
2021/07/07 20:22,1009.5,
2021/07/07 20:23,1009.6,
2021/07/07 20:24,1009.6,
2021/07/07 20:25,1009.6,
2021/07/07 20:26,1009.6,
2021/07/07 20:27,1009.7,
2021/07/07 20:28,1009.7,
2021/07/07 20:29,1009.7,
2021/07/07 20:30,1009.8,
2021/07/07 20:31,1009.8,
2021/07/07 20:32,1009.8,
2021/07/07 20:33,1009.8,
2021/07/07 20:34,1009.8,
2021/07/07 20:35,1009.8,
2021/07/07 20:36,1009.8,
2021/07/07 20:37,1009.8,
2021/07/07 20:38,1009.8,
2021/07/07 20:39,1010.0,
2021/07/07 20:40,1010.0,
2021/07/07 20:41,1010.0,
2021/07/07 20:42,1010.0,
2021/07/07 20:43,1010.0,
2021/07/07 20:44,1010.0,
2021/07/07 20:45,1010.0,
2021/07/07 20:46,1010.0,
2021/07/07 20:47,1010.0,
2021/07/07 20:48,1010.0,
2021/07/07 20:49,1010.0,
2021/07/07 20:50,1010.0,
2021/07/07 20:51,1010.0,
2021/07/07 20:52,1010.0,
2021/07/07 20:53,1010.0,
2021/07/07 20:54,1010.0,
2021/07/07 20:55,1010.0,
2021/07/07 20:56,1010.0,
2021/07/07 20:57,1010.0,
2021/07/07 20:58,1010.0,
2021/07/07 20:59,1010.0,
2021/07/07 21:00,1010.0,
2021/07/07 21:01,1010.0,
2021/07/07 21:02,1010.0,
2021/07/07 21:03,1010.0,
2021/07/07 21:04,1010.0,
2021/07/07 21:05,1010.0,
2021/07/07 21:06,1010.0,
2021/07/07 21:07,1010.0,
2021/07/07 21:08,1010.0,
2021/07/07 21:09,1010.0,
2021/07/07 21:10,1010.0,
2021/07/07 21:11,1010.0,
2021/07/07 21:12,1010.1,
2021/07/07 21:13,1010.1,
2021/07/07 21:14,1010.1,
2021/07/07 21:15,1010.1,
2021/07/07 21:16,1010.1,
2021/07/07 21:17,1010.1,
2021/07/07 21:18,1010.1,
2021/07/07 21:19,1010.1,
2021/07/07 21:20,1010.1,
2021/07/07 21:21,1010.1,
2021/07/07 21:22,1010.1,
2021/07/07 21:23,1010.1,
2021/07/07 21:24,1010.1,
2021/07/07 21:25,1010.1,
2021/07/07 21:26,1010.1,
2021/07/07 21:27,1010.1,
2021/07/07 21:28,1010.1,
2021/07/07 21:29,1010.1,
2021/07/07 21:30,1010.1,
2021/07/07 21:31,1010.1,
2021/07/07 21:32,1010.1,
2021/07/07 21:33,1010.1,
2021/07/07 21:34,1010.1,
2021/07/07 21:35,1010.1,
2021/07/07 21:36,1010.1,
2021/07/07 21:37,1010.1,
2021/07/07 21:38,1010.2,
2021/07/07 21:39,1010.2,
2021/07/07 21:40,1010.2,
2021/07/07 21:41,1010.2,
2021/07/07 21:42,1010.2,
2021/07/07 21:43,1010.2,
2021/07/07 21:44,1010.3,
2021/07/07 21:45,1010.3,
2021/07/07 21:46,1010.5,
2021/07/07 21:47,1010.5,
2021/07/07 21:48,1010.5,
2021/07/07 21:49,1010.5,
2021/07/07 21:50,1010.5,
2021/07/07 21:51,1010.5,
2021/07/07 21:52,1010.6,
2021/07/07 21:53,1010.6,
2021/07/07 21:54,1010.6,
2021/07/07 21:55,1010.6,
2021/07/07 21:56,1010.6,
2021/07/07 21:57,1010.6,
2021/07/07 21:58,1010.7,
2021/07/07 21:59,1010.7,
2021/07/07 22:00,1010.7,
2021/07/07 22:01,1010.7,
2021/07/07 22:02,1010.7,
2021/07/07 22:03,1010.7,
2021/07/07 22:04,1010.8,
2021/07/07 22:05,1010.8,
2021/07/07 22:06,1010.7,
2021/07/07 22:07,1010.7,
2021/07/07 22:08,1010.7,
2021/07/07 22:09,1010.8,
2021/07/07 22:10,1010.7,
2021/07/07 22:11,1010.8,
2021/07/07 22:12,1010.7,
2021/07/07 22:13,1010.7,
2021/07/07 22:14,1010.7,
2021/07/07 22:15,1010.7,
2021/07/07 22:16,1010.7,
2021/07/07 22:17,1010.8,
2021/07/07 22:18,1010.8,
2021/07/07 22:19,1010.8,
2021/07/07 22:20,1010.8,
2021/07/07 22:21,1011.0,
2021/07/07 22:22,1011.0,
2021/07/07 22:23,1011.0,
2021/07/07 22:24,1011.0,
2021/07/07 22:25,1011.0,
2021/07/07 22:26,1011.0,
2021/07/07 22:27,1011.0,
2021/07/07 22:28,1011.0,
2021/07/07 22:29,1011.0,
2021/07/07 22:30,1011.0,
2021/07/07 22:31,1011.0,
2021/07/07 22:32,1011.0,
2021/07/07 22:33,1011.0,
2021/07/07 22:34,1011.0,
2021/07/07 22:35,1011.0,
2021/07/07 22:36,1011.0,
2021/07/07 22:37,1011.0,
2021/07/07 22:38,1011.1,
2021/07/07 22:39,1011.1,
2021/07/07 22:40,1011.1,
2021/07/07 22:41,1011.2,
2021/07/07 22:42,1011.1,
2021/07/07 22:43,1011.1,
2021/07/07 22:44,1011.1,
2021/07/07 22:45,1011.2,
2021/07/07 22:46,1011.2,
2021/07/07 22:47,1011.1,
2021/07/07 22:48,1011.1,
2021/07/07 22:49,1011.2,
2021/07/07 22:50,1011.2,
2021/07/07 22:51,1011.2,
2021/07/07 22:52,1011.2,
2021/07/07 22:53,1011.1,
2021/07/07 22:54,1011.1,
2021/07/07 22:55,1011.1,
2021/07/07 22:56,1011.0,
2021/07/07 22:57,1011.0,
2021/07/07 22:58,1011.0,
2021/07/07 22:59,1011.1,
2021/07/07 23:00,1011.1,
2021/07/07 23:01,1011.1,
2021/07/07 23:02,1011.1,
2021/07/07 23:03,1011.2,
2021/07/07 23:04,1011.2,
2021/07/07 23:05,1011.2,
2021/07/07 23:06,1011.2,
2021/07/07 23:07,1011.2,
2021/07/07 23:08,1011.2,
2021/07/07 23:09,1011.2,
2021/07/07 23:10,1011.2,
2021/07/07 23:11,1011.2,
2021/07/07 23:12,1011.1,
2021/07/07 23:13,1011.0,
2021/07/07 23:14,1011.1,
2021/07/07 23:15,1011.1,
2021/07/07 23:16,1011.2,
2021/07/07 23:17,1011.0,
2021/07/07 23:18,1011.1,
2021/07/07 23:19,1011.1,
2021/07/07 23:20,1011.2,
2021/07/07 23:21,1011.1,
2021/07/07 23:22,1011.1,
2021/07/07 23:23,1011.1,
2021/07/07 23:24,1011.1,
2021/07/07 23:25,1011.1,
2021/07/07 23:26,1011.0,
2021/07/07 23:27,1011.0,
2021/07/07 23:28,1011.0,
2021/07/07 23:29,1011.0,
2021/07/07 23:30,1011.0,
2021/07/07 23:31,1011.0,
2021/07/07 23:32,1011.0,
2021/07/07 23:33,1011.0,
2021/07/07 23:34,1011.0,
2021/07/07 23:35,1011.0,
2021/07/07 23:36,1010.8,
2021/07/07 23:37,1010.8,
2021/07/07 23:38,1010.8,
2021/07/07 23:39,1010.8,
2021/07/07 23:40,1010.8,
2021/07/07 23:41,1010.8,
2021/07/07 23:42,1010.8,
2021/07/07 23:43,1010.8,
2021/07/07 23:44,1010.8,
2021/07/07 23:45,1011.0,
2021/07/07 23:46,1011.0,
2021/07/07 23:47,1011.0,
2021/07/07 23:48,1011.0,
2021/07/07 23:49,1011.0,
2021/07/07 23:50,1010.8,
2021/07/07 23:51,1010.8,
2021/07/07 23:52,1010.8,
2021/07/07 23:53,1010.8,
2021/07/07 23:54,1010.8,
2021/07/07 23:55,1010.8,
2021/07/07 23:56,1010.8,
2021/07/07 23:57,1010.8,
2021/07/07 23:58,1010.8,
2021/07/07 23:59,1010.8,
2021/07/08 0:00,1010.8,
